Iter,Formula_label,Opt_Method,Ionizable_Lipid,Helper_lipid,P_charged_centers,N_charged_centers,cLogP,cTPSA,Hbond_D,Hbond_A,Total_Carbon_Tails,Double_bonds,Helper_MW,NP_ratio,(IL+HL),HL_(IL+HL),PEG_(Chol+PEG),MAL_(PEG+MAL),IL%,HL%,Chol%,PEG%,MAL%,IL_Mol_RNA,HL_Mol_RNA,Chol_Mol_RNA,PEG_Mol_RNA,MAL_Mol_RNA,RLU_T,LnRLU_T
0,0,cntrl,SM-102,DSPC,1,1,6.12,111,0,8,36,0,790.1,5.0,60.0,16.66667,3.75,24.8888878933333,49.999998,10.000002,38.5,1.1266666816,0.3733333183999999,15.0,3.000000720000029,11.55000046200002,0.3380000180000008,0.112,4.251002589888276,3.231352048126238
0,13,LIBRARY,SM-102,DSPC,1,1,6.12,111,0,8,36,0,790.1,8.0,40.0,10.0,3.75,7.466666666666664,36.0,4.0,57.75,2.082,0.168,24.0,2.666666666666667,38.50000000000001,1.388,0.112,4.323552447503254,3.303901905741217
0,1,LIBRARY,SM-102,DSPC,1,1,6.12,111,0,8,36,0,790.1,5.0,40.0,10.0,3.75,11.94666666666667,36.0,4.0,57.75,1.9812,0.2688,15.0,1.666666666666667,24.0625,0.8255,0.112,4.719181492587261,3.699530950825224
0,2,LIBRARY,SM-102,DSPC,1,1,6.12,111,0,8,36,0,790.1,5.0,55.0,10.0,3.75,21.90222222222222,49.5,5.5,43.3125,1.3179,0.3696,15.0,1.666666666666667,13.125,0.3993636363636364,0.112,4.451731563380354,3.432081021618316
0,3,LIBRARY,SM-102,DSPC,1,1,6.12,111,0,8,36,0,790.1,5.0,70.0,10.0,3.75,41.81333333333333,63.0,7.0,28.875,0.6546000000000001,0.4703999999999999,15.0,1.666666666666667,6.875,0.1558571428571429,0.112,2.955864647978526,1.936214106216488
0,4,LIBRARY,SM-102,DSPC,1,1,6.12,111,0,8,36,0,790.1,5.0,40.0,30.0,3.75,9.29185185185185,28.0,12.0,57.75,2.040933333333333,0.2090666666666667,15.0,6.428571428571429,30.9375,1.093357142857143,0.112,3.693158210685634,2.673507668923596
0,5,LIBRARY,SM-102,DSPC,1,1,6.12,111,0,8,36,0,790.1,5.0,55.0,30.0,3.75,17.03506172839506,38.5,16.5,43.3125,1.400033333333333,0.2874666666666666,15.0,6.428571428571428,16.875,0.5454675324675324,0.112,4.665243883254845,3.645593341492807
0,6,LIBRARY,SM-102,DSPC,1,1,6.12,111,0,8,36,0,790.1,5.0,70.0,30.0,3.75,32.52148148148148,49.0,21.0,28.875,0.7591333333333334,0.3658666666666666,15.0,6.428571428571429,8.839285714285715,0.2323877551020408,0.112,4.010051774772742,2.990401233010704
0,7,LIBRARY,SM-102,DSPC,1,1,6.12,111,0,8,36,0,790.1,5.0,40.0,50.0,3.75,6.637037037037036,20.0,20.0,57.75,2.100666666666667,0.1493333333333333,15.0,15.0,43.3125,1.5755,0.112,2.964459645897286,1.944809104135249
0,8,LIBRARY,SM-102,DSPC,1,1,6.12,111,0,8,36,0,790.1,5.0,55.0,50.0,3.75,12.1679012345679,27.5,27.5,43.3125,1.482166666666667,0.2053333333333333,15.0,15.0,23.625,0.8084545454545454,0.112,4.006988046886092,2.987337505124055
0,9,LIBRARY,SM-102,DSPC,1,1,6.12,111,0,8,36,0,790.1,5.0,70.0,50.0,3.75,23.22962962962963,35.0,35.0,28.875,0.8636666666666666,0.2613333333333334,15.0,15.0,12.375,0.3701428571428571,0.112,4.241663499387347,3.22201295762531
0,10,LIBRARY,SM-102,DSPC,1,1,6.12,111,0,8,36,0,790.1,5.0,40.0,60.0,3.75,5.309629629629629,16.0,24.0,57.75,2.130533333333333,0.1194666666666667,15.0,22.5,54.140625,1.997375,0.112,2.966488338087045,1.946837796325007
0,11,LIBRARY,SM-102,DSPC,1,1,6.12,111,0,8,36,0,790.1,5.0,55.0,60.0,3.75,9.73432098765432,22.0,33.0,43.3125,1.523233333333333,0.1642666666666666,15.0,22.5,29.53125,1.038568181818182,0.112,3.053367009881072,2.033716468119034
0,12,LIBRARY,SM-102,DSPC,1,1,6.12,111,0,8,36,0,790.1,5.0,70.0,60.0,3.75,18.5837037037037,28.0,42.0,28.875,0.9159333333333334,0.2090666666666667,15.0,22.5,15.46875,0.4906785714285714,0.112,3.118734649713018,2.099084107950981
0,17,cntrl,SM-102,DSPC,1,1,6.12,111,0,8,36,0,790.1,8.0,55.0,30.0,3.75,10.64691358024691,38.5,16.5,43.3125,1.507833333333333,0.1796666666666666,24.0,10.28571428571429,27.0,0.939948051948052,0.112,4.788241262655988,3.76859072089395
0,14,LIBRARY,SM-102,DSPC,1,1,6.12,111,0,8,36,0,790.1,8.0,55.0,10.0,3.75,13.68888888888889,49.5,5.5,43.3125,1.4565,0.231,24.0,2.666666666666667,21.0,0.7061818181818181,0.112,3.86913692986358,2.849486388101543
0,15,LIBRARY,SM-102,DSPC,1,1,6.12,111,0,8,36,0,790.1,8.0,70.0,10.0,3.75,26.13333333333333,63.0,7.0,28.875,0.831,0.294,24.0,2.666666666666667,11.0,0.3165714285714286,0.112,1.436402502485756,0.4167519607237187
0,16,LIBRARY,SM-102,DSPC,1,1,6.12,111,0,8,36,0,790.1,8.0,40.0,30.0,3.75,5.807407407407409,28.0,12.0,57.75,2.119333333333334,0.1306666666666667,24.0,10.28571428571428,49.5,1.816571428571429,0.112,3.858396195152774,2.838745653390736
0,21,LIBRARY,SM-102,DSPC,1,1,6.12,111,0,8,36,0,790.1,8.0,70.0,50.0,3.75,14.51851851851852,35.0,35.0,28.875,0.9616666666666667,0.1633333333333333,24.0,24.0,19.8,0.6594285714285714,0.112,2.055179386127275,1.035528844365237
0,18,LIBRARY,SM-102,DSPC,1,1,6.12,111,0,8,36,0,790.1,8.0,70.0,30.0,3.75,20.32592592592593,49.0,21.0,28.875,0.8963333333333333,0.2286666666666667,24.0,10.28571428571428,14.14285714285714,0.4390204081632653,0.112,4.306565943619856,3.286915401857819
0,19,LIBRARY,SM-102,DSPC,1,1,6.12,111,0,8,36,0,790.1,8.0,40.0,50.0,3.75,4.148148148148148,20.0,20.0,57.75,2.156666666666667,0.09333333333333332,24.0,24.0,69.3,2.588,0.112,2.1578607669525,1.138210225190462
0,20,LIBRARY,SM-102,DSPC,1,1,6.12,111,0,8,36,0,790.1,8.0,55.0,50.0,3.75,7.604938271604938,27.5,27.5,43.3125,1.559166666666667,0.1283333333333333,24.0,24.0,37.8,1.360727272727273,0.112,2.870541012673399,1.850890470911361
0,22,LIBRARY,SM-102,DSPC,1,1,6.12,111,0,8,36,0,790.1,8.0,40.0,60.0,3.75,3.318518518518518,16.0,24.0,57.75,2.175333333333334,0.07466666666666666,24.0,36.0,86.625,3.263,0.112,1.522817548287708,0.5031670065256699
0,23,LIBRARY,SM-102,DSPC,1,1,6.12,111,0,8,36,0,790.1,8.0,55.0,60.0,3.75,6.08395061728395,22.0,33.0,43.3125,1.584833333333333,0.1026666666666667,24.0,36.0,47.25,1.728909090909091,0.112,2.085433675246386,1.065783133484348
0,24,LIBRARY,SM-102,DSPC,1,1,6.12,111,0,8,36,0,790.1,8.0,70.0,60.0,3.75,11.61481481481482,28.0,42.0,28.875,0.9943333333333333,0.1306666666666667,24.0,35.99999999999999,24.75,0.8522857142857141,0.112,2.908682553741174,1.889032011979137
1,0,cntrl,SM-102,DSPC,1,1,6.12,111,0,8,36,0,790.1,5.0,60.0,16.66667,3.75,24.88888789333333,49.999998,10.000002,38.5,1.1266666816,0.3733333183999999,15.0,3.000000720000029,11.55000046200002,0.3380000180000008,0.112,2.16698291081983,3.07215409173954
1,25,DA,SM-102,DSPC,1,1,6.12,111,0,8,36,0,790.1,8.73706059618807,58.0479581772576,32.604666209432,5.85426931583788,6.806477236192142,39.12161517217207,18.92634300508552,39.49605631094612,2.288819417011692,0.167166094784591,26.21118178856421,12.68050449644752,26.4620544765739,1.533491435782102,0.112,3.584034293711256,4.489205474630966
1,26,DA,SM-102,DSPC,1,1,6.12,111,0,8,36,0,790.1,9.87044950139334,56.112983909222,38.5797491048629,7.60116222314536,3.907677657023398,34.46473550179206,21.64824840742994,40.55109280282006,3.205566158978971,0.1303571289789729,29.61134850418002,18.59970252968099,34.84061385433277,2.754152478024862,0.112,2.467939868336663,3.373111049256373
1,27,DA,SM-102,DSPC,1,1,6.12,111,0,8,36,0,790.1,9.39247049182502,56.701487834939996,37.2905029793525,7.48374370113015,4.361670179036436,35.5572178245145,21.1442700104255,40.05816248822426,3.099016311284701,0.1413333655510484,28.17741147547506,16.75583279245053,31.744196999686,2.45582368685985,0.112,2.473643305850533,3.378814486770243
1,28,DA,SM-102,DSPC,1,1,6.12,111,0,8,36,0,790.1,9.71216149876848,58.3032313166439,46.8760509122158,8.23077746108174,3.469130118405126,30.97297892118696,27.33025239545694,38.26480044456703,3.312908794963133,0.1190594438259293,29.13648449630544,25.70974775227818,35.99594884768104,3.116475040639008,0.112,1.937823878801155,2.842995059720865
1,29,DA,SM-102,DSPC,1,1,6.12,111,0,8,36,0,790.1,8.46970294249499,56.0447325705803,39.8490839033646,2.8941287100315,11.68091512565907,33.71142006511345,22.33331250546685,42.68314541517373,1.123526521467065,0.1485954927788952,25.40910882748497,16.83315525817582,32.17131419734708,0.846828985530195,0.112,3.164418006056848,4.069589186976557
1,30,DA,SM-102,DSPC,1,1,6.12,111,0,8,36,0,790.1,9.2516105654791,57.3530189034527,42.4269545850331,5.85282808542251,5.33827384555861,33.01987962013938,24.33313928331333,40.15092660934374,2.36280826334227,0.1332462238612791,27.7548316964373,20.4531995035625,33.74882717072842,1.986056473689203,0.112,2.765109677993554,3.670280858913264
1,31,DA,SM-102,DSPC,1,1,6.12,111,0,8,36,0,790.1,8.38313825338365,55.994515605235,33.5484018549087,6.32629784825258,5.952297378559885,37.2092504932812,18.7852651119538,41.22156638238585,2.618210933507042,0.1657070788721002,25.14941476015095,12.69680032295267,27.86130481722311,1.769626418791219,0.112,3.198279968667024,4.103451149586734
1,32,DA,SM-102,DSPC,1,1,6.12,111,0,8,36,0,790.1,8.19911374960429,58.1009258179755,43.2629545555878,9.07822615839541,3.946155556115202,32.96474868496898,25.13617713300652,38.09538146950646,3.653593081205466,0.1500996313125799,24.59734124881287,18.75588776786544,28.42567091786808,2.726205397819101,0.112,2.68304356011078,3.58821474103049
1,33,DA,SM-102,DSPC,1,1,6.12,111,0,8,36,0,790.1,9.09641079870855,55.6173337962156,33.5194842484327,9.59712692350149,3.562678410459772,36.97469035499488,18.64264344122072,40.12320539617321,4.10770991701643,0.1517508905947593,27.28923239612566,13.75923434276588,29.61299921706418,3.031702212110301,0.112,2.92011996397189,3.8252911448916
1,34,DA,SM-102,DSPC,1,1,6.12,111,0,8,36,0,790.1,9.61934808060016,59.5635417385082,34.5835544751269,2.62911722064018,14.22445135770629,38.96435183405627,20.59918990445193,39.37333637392194,0.911898631799356,0.1512232557705036,28.85804424180047,15.25631264545637,29.16094916361006,0.6753765896729824,0.112,2.45305363906219,3.3582248199819
1,35,i-optimal,SM-102,DSPC,1,1,6.12,111,0,8,36,0,790.1,7.30239675309369,72.8138437388106,87.1739320653315,4.02053769997392,4.368243993035851,9.339153063783215,63.47469067502739,26.09312659953446,1.045283459117598,0.047746202537342,21.90719025928107,148.8948854108981,61.20759398325438,2.451959343355314,0.112,0.9961063106186012,1.901277491538311
1,36,i-optimal,SM-102,DSPC,1,1,6.12,111,0,8,36,0,790.1,4.4841903244404,72.109839515998,69.6805892721838,7.73357199662506,8.439114313946723,21.86327841802455,50.24656109797345,25.73325484299743,1.974881908316226,0.1820237326883407,13.4525709733212,30.91692912708572,15.83378441837833,1.215153488309852,0.112,1.499176078643821,2.404347259563531
1,37,i-optimal,SM-102,DSPC,1,1,6.12,111,0,8,36,0,790.1,9.46868755667204,69.3024069163226,13.5519396251751,8.59249403616053,8.95544125085749,59.91058657222938,9.391820344093212,28.0599042287176,2.401472179173467,0.2362166757863413,28.40606267001612,4.453046657425117,13.30434975919719,1.138636309955982,0.112,1.066856031848813,1.972027212768523
1,38,i-optimal,SM-102,DSPC,1,1,6.12,111,0,8,36,0,790.1,8.00110922759274,66.0590024649848,15.8814236234177,6.16561185581341,12.38995447886807,55.56789244211662,10.49111002286818,31.84832736701497,1.833389286792153,0.259280881208081,24.00332768277822,4.531781584073908,13.75733007572987,0.7919581234218722,0.112,2.083965246201319,2.989136427121029
1,39,i-optimal,SM-102,DSPC,1,1,6.12,111,0,8,36,0,790.1,8.45987222130481,64.5408577021052,16.019470219672,4.63812811607104,14.54371447715923,54.20175422299558,10.33910347910963,33.8145018492585,1.405448637610764,0.2391918110255336,25.37961666391443,4.841217534561266,15.83341917467512,0.6580921258863752,0.112,1.721088180084512,2.626259361004222
1,40,i-optimal,SM-102,DSPC,1,1,6.12,111,0,8,36,0,790.1,4.57188884948763,80.2719672722097,68.0832276068061,3.19768545454152,33.16381291771096,25.62022108981026,54.65174618239943,19.09719229478657,0.4216296919931029,0.2092107410106386,13.71566654846289,29.25755887513192,10.2235933331326,0.2257175003305695,0.112,2.14967081987725,3.05484200079696
1,41,i-optimal,SM-102,DSPC,1,1,6.12,111,0,8,36,0,790.1,7.25915023887372,74.5712280609548,71.565544688883,9.68845231357523,4.426366790530478,21.20392251794333,53.36730554301146,22.96511749580301,2.354604061133092,0.109050382109101,21.77745071662116,54.81079575528099,23.58628287021177,2.418291891752091,0.112,1.874297196260486,2.779468377180196
1,42,i-optimal,SM-102,DSPC,1,1,6.12,111,0,8,36,0,790.1,7.11993770185746,84.34343683269,79.8060538044995,5.8036639606807,9.828661313970901,17.03226825342938,67.31116857926062,14.74790885328762,0.8193457589823339,0.08930855504004523,21.35981310557238,84.41353549496831,18.49504552870187,1.027524462408713,0.112,1.076580269646482,1.981751450566192
1,43,i-optimal,SM-102,DSPC,1,1,6.12,111,0,8,36,0,790.1,5.24911765343394,71.5731310039267,81.1728084091577,7.31031285612793,4.611912163124073,13.47521050167383,58.09792050225288,26.3487759372587,1.982253232274083,0.09583982654050718,15.74735296030182,67.89418690675654,30.79161358587906,2.316493779554814,0.112,2.093437058491674,2.998608239411384
1,44,i-optimal,SM-102,DSPC,1,1,6.12,111,0,8,36,0,790.1,6.35319851987016,83.2434815177774,64.1040070418355,8.13212340222526,12.88584190124717,29.88107426375234,53.36240725402506,15.39385772133158,1.187070449592276,0.1755903112987492,19.05959555961048,34.03712635535022,9.81894759475501,0.7571709929264301,0.112,2.111571291734761,3.016742472654471
2,0,cntrl,SM-102,DSPC,1,1,6.12,111,0,8,36,0,790.1,5.0,60.0,16.66667,3.75,24.88888789333333,49.999998,10.000002,38.5,1.1266666816,0.3733333183999999,15.0,3.000000720000029,11.55000046200002,0.3380000180000008,0.112,2.922845586495138,3.181905845131511
2,17,cntrl,SM-102,DSPC,1,1,6.12,111,0,8,36,0,790.1,8.0,55.0,30.0,3.75,10.64691358024691,38.5,16.5,43.3125,1.507833333333333,0.1796666666666666,24.0,10.28571428571429,27.0,0.939948051948052,0.112,3.558976665252305,3.818036923888678
2,45,DA,SM-102,DSPC,1,1,6.12,111,0,8,36,0,790.1,6.23407180364364,57.8341468989133,32.9069259870676,6.1334988335849,8.984994458638786,38.80270698363595,19.03143991527735,39.57961099296043,2.353868398024146,0.2323737101021287,18.70221541093092,9.172815933326774,19.0766693412232,1.134522749853402,0.112,2.818039380609876,3.077099639246248
2,46,DA,SM-102,DSPC,1,1,6.12,111,0,8,36,0,790.1,4.51488491493389,61.8343529009383,32.8551652727825,5.85210262487901,15.37120621896634,41.51857405997944,20.31577884095886,35.93215426337545,1.890178046027077,0.3433147896591724,13.54465474480167,6.627641158268406,11.72219024264377,0.6166350752474102,0.112,1.8388097431367,2.097870001773073
2,47,DA,SM-102,DSPC,1,1,6.12,111,0,8,36,0,790.1,6.95037782731839,57.0659499273703,33.0517581972035,8.3223284397727,5.743251987695689,38.20465014443864,18.86129978293165,39.360937413089,3.367899795699036,0.2052128638416783,20.85113348195517,10.29402122333867,21.48220587997381,1.838114677885424,0.112,2.214000453463146,2.473060712099518
2,48,DA,SM-102,DSPC,1,1,6.12,111,0,8,36,0,790.1,6.21959833757639,61.2489579255531,32.989777053461,3.27101512550831,19.43606120188241,41.043063258345,20.2058946672081,37.48348962689965,1.021190178076006,0.2463622694712414,18.65879501272917,9.18590418729472,17.04055920260478,0.4642484427099491,0.112,2.596364104336582,2.855424362972955
2,49,DA,SM-102,DSPC,1,1,6.12,111,0,8,36,0,790.1,7.43884704133491,58.9378117833363,32.7604370491995,4.80570544287593,10.07884557894931,39.62952705588073,19.30828472745558,39.08886040257153,1.774439150943361,0.1988886631488055,22.31654112400473,10.87305759532937,22.01207598148767,0.9992383766839655,0.112,2.968223947432191,3.227284206068563
2,50,DA,SM-102,DSPC,1,1,6.12,111,0,8,36,0,790.1,7.27143526138994,63.0525857085804,32.643700031394,7.12753648435086,8.280074611120341,42.46988876783382,20.58269694074659,34.31397385777441,2.415389600899962,0.2180508327452332,21.81430578416983,10.57213140780364,17.62508780033425,1.24064481614189,0.112,2.21396973102501,2.473029989661383
2,51,DA,SM-102,DSPC,1,1,6.12,111,0,8,36,0,790.1,8.88726472598796,64.5172721420395,33.4809829203319,6.8057805763113,7.465442035467476,42.91625527549921,21.6010168665403,33.06785125745802,2.234595387663895,0.1802812128385797,26.66179417796387,13.41966725739037,20.54345698323779,1.38824606001762,0.112,2.979718326857927,3.238778585494299
2,52,DA,SM-102,DSPC,1,1,6.12,111,0,8,36,0,790.1,4.05468548919065,55.7493911552184,33.2009116653824,2.23264478481454,34.70654455020227,37.24008504378583,18.50930611143257,43.26264993415991,0.6450725111690855,0.3428863994526127,12.16405646757195,6.045857426220093,14.13125980021716,0.2107057070979636,0.112,2.853993121214372,3.113053379850744
2,53,DA,SM-102,DSPC,1,1,6.12,111,0,8,36,0,790.1,8.49309516321997,57.2255122291784,42.1694793211538,6.89664568984408,4.931225199976085,33.09381168327067,24.13170054590773,39.82448290362234,2.8045334837874,0.1454713834118505,25.47928548965991,18.57925866759505,30.66130245409043,2.159240826732942,0.112,3.063139934996999,3.322200193633371
2,54,DA,SM-102,DSPC,1,1,6.12,111,0,8,36,0,790.1,5.44155018630224,55.8132965609037,36.6625362628188,5.37758674176768,10.20689026436469,35.35072646978779,20.46257009111591,41.81052513333125,2.133644393609968,0.2425339121550783,16.32465055890672,9.449432575596193,19.30772803408577,0.9852979732232993,0.112,2.958056830076747,3.21711708871312
2,55,i-optimal,SM-102,DSPC,1,1,6.12,111,0,8,36,0,790.1,7.70962562142161,29.2984707866698,29.1933548958775,7.84811757417274,1.810456696032531,20.74526423085229,8.553206555817507,65.15279007392996,5.448281620105592,0.1004575192946495,23.12887686426483,9.535962474265308,72.63878841042424,6.074284391415654,0.112,0.2034657580648229,0.4625260167011953
2,56,i-optimal,SM-102,DSPC,1,1,6.12,111,0,8,36,0,790.1,7.08597574966549,56.9587656276546,65.3923699122761,6.15047823981825,3.923159191966848,19.71207891095234,37.24668671670226,40.39399261812513,2.543386246006,0.1038555082142773,21.25792724899647,40.16762311406386,43.5617450727382,2.742842093314331,0.112,2.549155166837117,2.80821542547349
2,57,i-optimal,SM-102,DSPC,1,1,6.12,111,0,8,36,0,790.1,6.16481032441928,85.7466422375011,25.6905473042639,8.67308075063356,31.21387292586041,63.71786055165796,22.02878168584315,13.01715253408067,0.8503376993169183,0.3858675291013073,18.49443097325784,6.393965189454117,3.778294294968431,0.2468148137401079,0.112,1.624811884693854,1.883872143330227
2,58,i-optimal,SM-102,DSPC,1,1,6.12,111,0,8,36,0,790.1,4.99184846029477,46.0491705954478,25.5699204723546,9.0682604553173,5.239424175476141,34.2744342960129,11.7747362994349,49.0584276763435,4.636068049299526,0.2563336789091794,14.97554538088431,5.144741304180934,21.43512285678707,2.025639485732644,0.112,2.390931161622223,2.649991420258596
2,59,i-optimal,SM-102,DSPC,1,1,6.12,111,0,8,36,0,790.1,8.77144651752391,88.4566259331111,21.6846807394932,6.3782213638251,40.04702726834854,69.27508900658822,19.18153692652289,10.80711211604834,0.4414109266209622,0.2948510242195915,26.31433955257173,7.286161346926795,4.105112268818054,0.1676711956907723,0.112,2.805534993280432,3.064595251916804
2,60,i-optimal,SM-102,DSPC,1,1,6.12,111,0,8,36,0,790.1,5.7676247190121,60.536775832555,52.5069997155816,8.04028694620503,5.865223334573653,28.75073111833307,31.78604471422193,36.29026770615828,2.986855478523458,0.1861009827632505,17.3028741570363,19.12959810922535,21.8403466910243,1.797560704019489,0.112,2.277415071368623,2.536475330004995
2,61,i-optimal,SM-102,DSPC,1,1,6.12,111,0,8,36,0,790.1,6.58742097046543,70.6555999741235,65.4460983471693,2.34934483647186,20.07026144393208,24.41426652727611,46.24133344684739,28.65499887907492,0.5510365342410342,0.1383646125605424,19.76226291139629,37.43030280795811,23.19494714049167,0.4460395667135736,0.112,1.415936420546339,1.674996679182712
2,62,i-optimal,SM-102,DSPC,1,1,6.12,111,0,8,36,0,790.1,7.37001153984537,79.5558037676332,38.7079556363282,5.3314533838842,22.66151382633051,48.76137853913342,30.79442522849978,19.35422344052836,0.842968456912736,0.2470043349257101,22.11003461953611,13.96321901244892,8.775850132310971,0.3822300009537171,0.112,2.84749220444646,3.106552463082832
2,63,i-optimal,SM-102,DSPC,1,1,6.12,111,0,8,36,0,790.1,9.67107681872558,37.2395492979285,25.9869014163937,6.77457337961023,2.502458780324849,27.56214433396649,9.677404963962012,58.50869791588556,4.145354425270321,0.1063983609156164,29.01323045617674,10.18689899577826,61.58905184428816,4.363598194886593,0.112,4.181789323894265,4.440849582530638
2,64,i-optimal,SM-102,DSPC,1,1,6.12,111,0,8,36,0,790.1,5.26304724582775,71.9221989182607,29.256818472184,7.24864769119356,17.73319372655093,50.88005173954208,21.04214717871862,26.04254020188988,1.674344125185014,0.360916754664402,15.78914173748325,6.529817343082004,8.08154363829359,0.5195839195525651,0.112,2.007348430477462,2.266408689113835
3,0,,SM-102,DSPC,1,1,6.12,111,0,8,36,0,790.1,5.0,60.0,16.66667,3.75,24.88888789333333,49.999998,10.000002,38.5,1.1266666816,0.3733333183999999,15.0,3.000000720000029,11.55000046200002,0.3380000180000008,0.112,2.947785279754917,3.255789972420727
3,17,,SM-102,DSPC,1,1,6.12,111,0,8,36,0,790.1,8.0,55.0,30.0,3.75,10.64691358024691,38.5,16.5,43.3125,1.507833333333333,0.1796666666666666,24.0,10.28571428571429,27.0,0.939948051948052,0.112,3.436148103933651,3.744152796599462
3,65,DA,SM-102,DSPC,1,1,6.12,111,0,8,36,0,790.1,7.04773317908518,56.0239787181098,52.931378443546,4.65544720253328,6.823000492299887,26.36971452369543,29.65426419441437,41.928740829337,1.907594497196733,0.139685955356464,21.14319953725554,23.7767467838757,33.61840466281662,1.529506550181227,0.112,2.148916980999186,2.456921673664996
3,66,DA,SM-102,DSPC,1,1,6.12,111,0,8,36,0,790.1,7.76083598567928,60.501137909288,50.8171574534496,2.53828434318704,14.27711887816219,29.75617939679643,30.74495851249157,38.49626865852642,0.8594519760078018,0.1431414561777823,23.28250795703784,24.05617104469229,30.12112776329421,0.6724719999586994,0.112,1.494013964568238,1.802018657234048
3,67,DA,SM-102,DSPC,1,1,6.12,111,0,8,36,0,790.1,6.7979098903228,66.3759036257868,50.9580284528572,4.90716490708311,10.83473908423468,32.55205177031729,33.82385185546951,31.974106516614,1.471217761611986,0.1787720959872081,20.3937296709684,21.19050731543502,20.03164929115677,0.9217120176984046,0.112,1.561667894124383,1.869672586790194
3,68,DA,SM-102,DSPC,1,1,6.12,111,0,8,36,0,790.1,6.39238046960325,61.3314359331021,53.01728729011,3.46361503059659,12.56515101991109,28.8151723452996,32.5162635878025,37.32923386976096,1.171041335211417,0.1682888619255304,19.17714140880975,21.6403003749911,24.84343969990901,0.7793541892375323,0.112,1.350733468724035,1.658738161389845
3,69,DA,SM-102,DSPC,1,1,6.12,111,0,8,36,0,790.1,6.85549849782364,68.886810763638,52.5467532978213,3.11979955222422,18.3395433071805,32.68902825693213,36.19778250670586,30.14252009788331,0.7926528514579597,0.1780162870207363,20.56649549347092,22.77404898507296,18.96434482182903,0.4987022302793578,0.112,1.146332968644457,1.454337661310267
3,70,DA,SM-102,DSPC,1,1,6.12,111,0,8,36,0,790.1,7.6274355485424,62.4540051539864,52.0351046416608,4.78320672784231,8.164305552797439,29.95599821920135,32.49800693478505,35.75009229450374,1.6492795797741,0.1466229717357495,22.8823066456272,24.82405542329134,27.3082061397625,1.259825188017663,0.112,1.242933937348618,1.550938630014428
3,71,i-optimal,SM-102,DSPC,1,1,6.12,111,0,8,36,0,790.1,8.51554801743831,63.8513609144724,28.0281710714407,5.47288623626847,10.18376784991836,45.95499224592105,17.89636866855135,34.1702651924174,1.77690088863247,0.2014730044777353,25.54664405231493,9.948694099607051,18.99544661812832,0.98778940653972,0.112,3.045506067395929,3.35351076006174
3,72,i-optimal,SM-102,DSPC,1,1,6.12,111,0,8,36,0,790.1,4.69014978390952,76.1257863104848,70.6906566809997,9.63113534235979,7.723984124178767,22.31196806402852,53.81381824645628,21.57485585715381,2.121755798431743,0.1776020339296554,14.07044935172856,33.93625348902442,13.60560913935427,1.338028873692281,0.112,3.46864884991713,3.77665354258294
3,73,i-optimal,SM-102,DSPC,1,1,6.12,111,0,8,36,0,790.1,9.75369239408879,37.8450788543395,74.8971986401428,4.34092023225712,1.347727194692562,9.50017496928616,28.34490388505334,59.45682559830506,2.661732579924937,0.03636296743049833,29.26107718226637,87.30390997912205,183.1303916474373,8.19828715908259,0.112,1.243096182826382,1.551100875492192
3,74,i-optimal,SM-102,DSPC,1,1,6.12,111,0,8,36,0,790.1,8.07900353500418,28.4048587446073,64.0578670004905,4.87830819945289,1.350773916598131,10.20931210830956,18.19554663629774,68.10250960912099,3.44545408899101,0.04717755728069001,24.23701060501254,43.19641246240337,161.6760492884508,8.179542990559623,0.112,1.745728043685842,2.053732736351653
3,75,i-optimal,SM-102,DSPC,1,1,6.12,111,0,8,36,0,790.1,6.13038656998359,51.3187001275408,56.2429088875073,2.97616373125794,9.438739745857399,22.45557037255493,28.86312975498586,47.23246468175016,1.312083407711625,0.1367517829974238,18.39115970995077,23.63896441934738,38.68348864201407,1.074599090722425,0.112,1.784044325346685,2.092049018012496
3,76,i-optimal,SM-102,DSPC,1,1,6.12,111,0,8,36,0,790.1,4.17594798921407,78.6189693576907,32.235813971077,4.17456152685664,53.36171229960088,53.27550464956749,25.34346470812321,20.48846636307002,0.4162766964626059,0.4762875827766672,12.52784396764221,5.959567601494172,4.817904802989246,0.09788831724734157,0.112,0.7402421621918576,1.048246854857668
4,77,DA,SM-102,DSPC,,,,,,,,,,9.32301897047909,54.38663213721089,29.47293216432397,6.091276967703185,,,,,,,,,,,,,
4,78,DA,SM-102,DSPC,,,,,,,,,,9.732689777005046,51.657115354175524,20.76620318065356,6.1015202127870625,,,,,,,,,,,,,
4,79,DA,SM-102,DSPC,,,,,,,,,,9.446500448696124,37.71975363814922,17.440846766131585,6.098379577708406,,,,,,,,,,,,,
4,80,DA,SM-102,DSPC,,,,,,,,,,9.367326051433157,54.250433277576505,25.968649955220563,3.8436801361844397,,,,,,,,,,,,,
4,81,DA,SM-102,DSPC,,,,,,,,,,9.303934351243068,47.22965314151038,31.143867671294668,6.206272615217554,,,,,,,,,,,,,
4,82,DA,SM-102,DSPC,,,,,,,,,,9.458903621706288,37.329643121857906,18.715314403977004,3.200686498502666,,,,,,,,,,,,,
4,83,DA,SM-102,DSPC,,,,,,,,,,9.325001041851516,46.111035491050124,30.396663856270646,3.9664861063846626,,,,,,,,,,,,,
4,84,DA,SM-102,DSPC,,,,,,,,,,8.740165114124702,50.63877039200548,19.826729253702084,6.044013757648181,,,,,,,,,,,,,
4,85,DA,SM-102,DSPC,,,,,,,,,,9.50403423226852,53.04934539165519,30.484032694964316,2.254351095084695,,,,,,,,,,,,,
4,86,DA,SM-102,DSPC,,,,,,,,,,8.6991653499923,53.41230522679057,30.76245416496322,3.542605270059484,,,,,,,,,,,,,
4,87,DA,SM-102,DSPC,,,,,,,,,,9.741729581575786,37.394375123761264,25.401422848597644,2.6016217209893155,,,,,,,,,,,,,
4,88,DA,SM-102,DSPC,,,,,,,,,,9.340586837965288,56.045004426964546,16.91189101313044,6.70589305285634,,,,,,,,,,,,,
4,89,i-optimal,SM-102,DSPC,,,,,,,,,,9.01731318582974,27.042271027869397,24.98305662799484,4.663571698295895,,,,,,,,,,,,,
4,90,i-optimal,SM-102,DSPC,,,,,,,,,,6.103390457528635,86.05822379348861,30.21724307289723,5.950774234132787,,,,,,,,,,,,,
4,91,i-optimal,SM-102,DSPC,,,,,,,,,,5.928029961096939,42.36548803780152,27.66496701585202,6.72049609013837,,,,,,,,,,,,,
4,92,i-optimal,SM-102,DSPC,,,,,,,,,,4.857310832065221,41.43967227914482,53.46408164160193,8.00191403926844,,,,,,,,,,,,,
4,93,i-optimal,SM-102,DSPC,,,,,,,,,,5.104649224186619,68.86349421170763,13.852955404625883,5.843730982825516,,,,,,,,,,,,,
4,94,i-optimal,SM-102,DSPC,,,,,,,,,,8.174295481467956,29.81523468588735,49.86218488325601,2.8373606075355755,,,,,,,,,,,,,
4,95,i-optimal,SM-102,DSPC,,,,,,,,,,6.366799513393426,54.825951141791094,59.54481481253962,7.771952361291921,,,,,,,,,,,,,
4,96,i-optimal,SM-102,DSPC,,,,,,,,,,6.795744841749895,40.76756977139339,48.62300948830672,2.582914676112865,,,,,,,,,,,,,
4,97,i-optimal,SM-102,DSPC,,,,,,,,,,9.392776909578767,67.92340599526135,56.752639826837665,5.164849597261955,,,,,,,,,,,,,
4,98,i-optimal,SM-102,DSPC,,,,,,,,,,8.420844580152625,44.420564362241564,59.29405301941592,7.549089893705181,,,,,,,,,,,,,
4,99,i-optimal,SM-102,DSPC,,,,,,,,,,5.6470317849823255,57.65400647666345,28.012254267179262,7.892327388367959,,,,,,,,,,,,,
4,100,i-optimal,SM-102,DSPC,,,,,,,,,,4.867927615022826,74.16140584509903,44.93774666028354,8.38709049299519,,,,,,,,,,,,,
