Formula_label,FALCON_ID,Iter,Opt_Method,Max_Cell_Target,Ionizable_lipid,Helper_lipid,NP_ratio,IL+HL,HL_IL+HL,PEG_PEG+Chol,SM102_PcntMolar,18PG_PcntMolar,Cholesterol_PcntMolar,DMGPEG_PcntMolar,nLnLE_RAMOS,nLnLE_HEPG2,nLnLE_Selectivity
1,F1001,0,N/A,N/A,SM-102,18PG,10,77.8,42.9,5,44.4,33.3,21.1,1.1,0.629530246,1.382559656,-0.75302941
2,F1002,0,N/A,N/A,SM-102,18PG,7,77.8,42.9,5,44.4,33.3,21.1,1.1,0.78147128,1.755151177,-0.973679896
3,F1003,0,N/A,N/A,SM-102,18PG,4,77.8,42.9,5,44.4,33.3,21.1,1.1,0.657429354,0.127598272,0.529831082
4,F1004,0,N/A,N/A,SM-102,18PG,10,77.8,42.9,1,44.4,33.3,22,0.2,0.701349939,0.01766689,0.683683049
5,F1005,0,N/A,N/A,SM-102,18PG,7,77.8,42.9,1,44.4,33.3,22,0.2,0.656983463,1.592439626,-0.935456163
6,F1006,0,N/A,N/A,SM-102,18PG,4,77.8,42.9,1,44.4,33.3,22,0.2,0.654033136,1.68124294,-1.027209804
7,F1007,0,N/A,N/A,SM-102,18PG,10,77.8,42.9,0.2,44.4,33.3,22.2,0,0.641936817,1.136289375,-0.494352557
8,F1008,0,N/A,N/A,SM-102,18PG,7,77.8,42.9,0.2,44.4,33.3,22.2,0,0.729188225,1.402998324,-0.673810099
9,F1009,0,N/A,N/A,SM-102,18PG,4,77.8,42.9,0.2,44.4,33.3,22.2,0,0.562512131,1.870711278,-1.308199147
10,F1010,0,N/A,N/A,SM-102,18PG,10,46.7,42.9,5,26.7,20,50.7,2.7,0.649091478,2.41867802,-1.769586542
11,F1011,0,N/A,N/A,SM-102,18PG,7,46.7,42.9,5,26.7,20,50.7,2.7,0.529419407,0.557518549,-0.028099142
12,F1012,0,N/A,N/A,SM-102,18PG,4,46.7,42.9,5,26.7,20,50.7,2.7,0.48223277,0.991736098,-0.509503328
13,F1013,0,N/A,N/A,SM-102,18PG,10,46.7,42.9,1,26.7,20,52.8,0.5,0.401884753,2.077017024,-1.675132271
14,F1014,0,N/A,N/A,SM-102,18PG,7,46.7,42.9,1,26.7,20,52.8,0.5,0.33042014,2.268908031,-1.938487892
15,F1015,0,N/A,N/A,SM-102,18PG,4,46.7,42.9,1,26.7,20,52.8,0.5,0.672639145,1.541195277,-0.868556132
16,F1016,0,N/A,N/A,SM-102,18PG,10,46.7,42.9,0.2,26.7,20,53.2,0.1,0.783030032,1.692965837,-0.909935805
17,F1017,0,N/A,N/A,SM-102,18PG,7,46.7,42.9,0.2,26.7,20,53.2,0.1,0.70033147,1.745621893,-1.045290423
18,F1018,0,N/A,N/A,SM-102,18PG,4,46.7,42.9,0.2,26.7,20,53.2,0.1,0.559114422,2.50678879,-1.947674369
19,F1019,0,N/A,N/A,SM-102,18PG,10,17.9,42.9,5,10.3,7.7,77.9,4.1,0.758262205,0.223033864,0.535228341
20,F1020,0,N/A,N/A,SM-102,18PG,7,17.9,42.9,5,10.3,7.7,77.9,4.1,0.831083695,1.816459636,-0.985375942
21,F1021,0,N/A,N/A,SM-102,18PG,4,17.9,42.9,5,10.3,7.7,77.9,4.1,0.801605206,1.790316466,-0.98871126
22,F1022,0,N/A,N/A,SM-102,18PG,10,17.9,42.9,1,10.3,7.7,81.2,0.8,0.720748593,2.123856881,-1.403108288
23,F1023,0,N/A,N/A,SM-102,18PG,7,17.9,42.9,1,10.3,7.7,81.2,0.8,0.73849552,2.301599801,-1.56310428
24,F1024,0,N/A,N/A,SM-102,18PG,4,17.9,42.9,1,10.3,7.7,81.2,0.8,0.56471552,1.065272894,-0.500557374
25,F1025,0,N/A,N/A,SM-102,18PG,10,17.9,42.9,0.2,10.3,7.7,81.9,0.2,0.445826676,1.559211285,-1.113384609
26,F1026,0,N/A,N/A,SM-102,18PG,7,17.9,42.9,0.2,10.3,7.7,81.9,0.2,0.453796368,2.99248909,-2.538692721
27,F1027,0,N/A,N/A,SM-102,18PG,4,17.9,42.9,0.2,10.3,7.7,81.9,0.2,0.68583453,1.864253132,-1.178418602
28,F1028,0,N/A,N/A,SM-102,18PG,10,78.7,24.3,5,59.6,19.1,20.2,1.1,2.021471374,3.325163319,-1.303691945
29,F1029,0,N/A,N/A,SM-102,18PG,7,78.7,24.3,5,59.6,19.1,20.2,1.1,2.003357562,3.056505362,-1.053147799
30,F1030,0,N/A,N/A,SM-102,18PG,4,78.7,24.3,5,59.6,19.1,20.2,1.1,1.49006735,2.122919381,-0.632852031
31,F1031,0,N/A,N/A,SM-102,18PG,10,78.7,24.3,1,59.6,19.1,21.1,0.2,3.462463868,3.008220555,0.454243313
32,F1032,0,N/A,N/A,SM-102,18PG,7,78.7,24.3,1,59.6,19.1,21.1,0.2,3.548710167,3.383047021,0.165663145
33,F1033,0,N/A,N/A,SM-102,18PG,4,78.7,24.3,1,59.6,19.1,21.1,0.2,3.044204825,1.779543582,1.264661243
34,F1034,0,N/A,N/A,SM-102,18PG,10,78.7,24.3,0.2,59.6,19.1,21.2,0,3.890668685,3.838733394,0.05193529
35,F1035,0,N/A,N/A,SM-102,18PG,7,78.7,24.3,0.2,59.6,19.1,21.2,0,4.421668219,3.203603164,1.218065055
36,F1036,0,N/A,N/A,SM-102,18PG,4,78.7,24.3,0.2,59.6,19.1,21.2,0,3.152115793,2.494897917,0.657217877
37,F1037,0,N/A,N/A,SM-102,18PG,10,48.1,24.3,5,36.4,11.7,49.4,2.6,2.721452335,4.332692344,-1.611240009
38,F1038,0,N/A,N/A,SM-102,18PG,7,48.1,24.3,5,36.4,11.7,49.4,2.6,2.96726444,3.465640912,-0.498376471
39,F1039,0,N/A,N/A,SM-102,18PG,4,48.1,24.3,5,36.4,11.7,49.4,2.6,3.481819854,3.40193208,0.079887774
40,F1040,0,N/A,N/A,SM-102,18PG,10,48.1,24.3,1,36.4,11.7,51.4,0.5,3.051459996,4.695881189,-1.644421193
41,F1041,0,N/A,N/A,SM-102,18PG,7,48.1,24.3,1,36.4,11.7,51.4,0.5,3.506353891,5.428470431,-1.92211654
42,F1042,0,N/A,N/A,SM-102,18PG,4,48.1,24.3,1,36.4,11.7,51.4,0.5,3.788490361,4.39083179,-0.602341428
43,F1043,0,N/A,N/A,SM-102,18PG,10,48.1,24.3,0.2,36.4,11.7,51.8,0.1,3.455984732,6.071079986,-2.615095254
44,F1044,0,N/A,N/A,SM-102,18PG,7,48.1,24.3,0.2,36.4,11.7,51.8,0.1,3.995009742,6.628824414,-2.633814672
45,F1045,0,N/A,N/A,SM-102,18PG,4,48.1,24.3,0.2,36.4,11.7,51.8,0.1,4.150619003,6.059798934,-1.909179931
46,F1046,0,N/A,N/A,SM-102,18PG,10,18.8,24.3,5,14.2,4.6,77.2,4.1,1.340669589,4.345051333,-3.004381744
47,F1047,0,N/A,N/A,SM-102,18PG,7,18.8,24.3,5,14.2,4.6,77.2,4.1,1.533573255,3.366731987,-1.833158732
48,F1048,0,N/A,N/A,SM-102,18PG,4,18.8,24.3,5,14.2,4.6,77.2,4.1,2.657362991,3.769143015,-1.111780024
49,F1049,0,N/A,N/A,SM-102,18PG,10,18.8,24.3,1,14.2,4.6,80.4,0.8,3.678649209,6.280071641,-2.601422432
50,F1050,0,N/A,N/A,SM-102,18PG,7,18.8,24.3,1,14.2,4.6,80.4,0.8,3.614913578,6.55420504,-2.939291462
51,F1051,0,N/A,N/A,SM-102,18PG,4,18.8,24.3,1,14.2,4.6,80.4,0.8,3.790083792,5.687182674,-1.897098882
52,F1052,0,N/A,N/A,SM-102,18PG,10,18.8,24.3,0.2,14.2,4.6,81.1,0.2,3.266521759,5.834327271,-2.567805512
53,F1053,0,N/A,N/A,SM-102,18PG,7,18.8,24.3,0.2,14.2,4.6,81.1,0.2,3.451699134,5.384425163,-1.93272603
54,F1054,0,N/A,N/A,SM-102,18PG,4,18.8,24.3,0.2,14.2,4.6,81.1,0.2,3.001878696,4.945836124,-1.943957428
55,F1055,0,N/A,N/A,SM-102,18PG,10,79.6,7.7,5,73.5,6.1,19.4,1,1.157155833,4.881715595,-3.724559763
56,F1056,0,N/A,N/A,SM-102,18PG,7,79.6,7.7,5,73.5,6.1,19.4,1,1.443558969,4.454317807,-3.010758838
57,F1057,0,N/A,N/A,SM-102,18PG,4,79.6,7.7,5,73.5,6.1,19.4,1,0.551823501,2.800469554,-2.248646053
58,F1058,0,N/A,N/A,SM-102,18PG,10,79.6,7.7,1,73.5,6.1,20.2,0.2,3.201699275,4.281760093,-1.080060818
59,F1059,0,N/A,N/A,SM-102,18PG,7,79.6,7.7,1,73.5,6.1,20.2,0.2,3.314159424,3.456310668,-0.142151245
60,F1060,0,N/A,N/A,SM-102,18PG,4,79.6,7.7,1,73.5,6.1,20.2,0.2,2.449396041,3.265818033,-0.816421992
61,F1061,0,N/A,N/A,SM-102,18PG,10,79.6,7.7,0.2,73.5,6.1,20.4,0,3.081882033,2.068717539,1.013164494
62,F1062,0,N/A,N/A,SM-102,18PG,7,79.6,7.7,0.2,73.5,6.1,20.4,0,2.947551045,2.992816637,-0.045265591
63,F1063,0,N/A,N/A,SM-102,18PG,4,79.6,7.7,0.2,73.5,6.1,20.4,0,2.936598221,3.159737196,-0.223138975
64,F1064,0,N/A,N/A,SM-102,18PG,10,49.4,7.7,5,45.6,3.8,48.1,2.5,2.545663149,5.293073822,-2.747410673
65,F1065,0,N/A,N/A,SM-102,18PG,7,49.4,7.7,5,45.6,3.8,48.1,2.5,2.746244956,6.172315849,-3.426070893
66,F1066,0,N/A,N/A,SM-102,18PG,4,49.4,7.7,5,45.6,3.8,48.1,2.5,3.087461366,5.704952144,-2.617490778
67,F1067,0,N/A,N/A,SM-102,18PG,10,49.4,7.7,1,45.6,3.8,50.1,0.5,3.310407074,6.187850641,-2.877443567
68,F1068,0,N/A,N/A,SM-102,18PG,7,49.4,7.7,1,45.6,3.8,50.1,0.5,3.985888243,7.091409571,-3.105521328
69,F1069,0,N/A,N/A,SM-102,18PG,4,49.4,7.7,1,45.6,3.8,50.1,0.5,3.781350112,6.522168281,-2.74081817
70,F1070,0,N/A,N/A,SM-102,18PG,10,49.4,7.7,0.2,45.6,3.8,50.5,0.1,3.607002608,8.661211444,-5.054208836
71,F1071,0,N/A,N/A,SM-102,18PG,7,49.4,7.7,0.2,45.6,3.8,50.5,0.1,3.688594117,8.35825842,-4.669664303
72,F1072,0,N/A,N/A,SM-102,18PG,4,49.4,7.7,0.2,45.6,3.8,50.5,0.1,3.427882276,7.345853326,-3.917971051
73,F1073,0,N/A,N/A,SM-102,18PG,10,19.6,7.7,5,18.1,1.5,76.4,4,1.865943523,5.598358717,-3.732415194
74,F1074,0,N/A,N/A,SM-102,18PG,7,19.6,7.7,5,18.1,1.5,76.4,4,2.470148095,5.625326107,-3.155178013
75,F1075,0,N/A,N/A,SM-102,18PG,4,19.6,7.7,5,18.1,1.5,76.4,4,3.083819729,6.073008045,-2.989188317
76,F1076,0,N/A,N/A,SM-102,18PG,10,19.6,7.7,1,18.1,1.5,79.6,0.8,3.920993871,8.279274203,-4.358280333
77,F1077,0,N/A,N/A,SM-102,18PG,7,19.6,7.7,1,18.1,1.5,79.6,0.8,4.005333439,8.431173564,-4.425840125
78,F1078,0,N/A,N/A,SM-102,18PG,4,19.6,7.7,1,18.1,1.5,79.6,0.8,3.871369004,8.261593477,-4.390224473
79,F1079,0,N/A,N/A,SM-102,18PG,10,19.6,7.7,0.2,18.1,1.5,80.2,0.2,3.424710467,7.407028105,-3.982317639
80,F1080,0,N/A,N/A,SM-102,18PG,7,19.6,7.7,0.2,18.1,1.5,80.2,0.2,3.14113807,7.791921273,-4.650783204
81,F1081,0,N/A,N/A,SM-102,18PG,4,19.6,7.7,0.2,18.1,1.5,80.2,0.2,3.249760193,7.505910315,-4.256150122
82,F1082,0,N/A,N/A,SM-102,18PG,10,80,0.8,5,79.4,0.6,19,1,0.217851803,2.018461659,-1.800609856
83,F1083,0,N/A,N/A,SM-102,18PG,7,80,0.8,5,79.4,0.6,19,1,-0.592457366,2.302122642,-2.894580008
84,F1084,0,N/A,N/A,SM-102,18PG,4,80,0.8,5,79.4,0.6,19,1,-1.016873587,2.040091547,-3.056965134
85,F1085,0,N/A,N/A,SM-102,18PG,10,80,0.8,1,79.4,0.6,19.8,0.2,0.134756369,3.591586557,-3.456830188
86,F1086,0,N/A,N/A,SM-102,18PG,7,80,0.8,1,79.4,0.6,19.8,0.2,-0.079262235,3.211792353,-3.291054588
87,F1087,0,N/A,N/A,SM-102,18PG,4,80,0.8,1,79.4,0.6,19.8,0.2,0.544208654,2.662755766,-2.118547112
88,F1088,0,N/A,N/A,SM-102,18PG,10,80,0.8,0.2,79.4,0.6,20,0,0.203493393,3.422387094,-3.218893701
89,F1089,0,N/A,N/A,SM-102,18PG,7,80,0.8,0.2,79.4,0.6,20,0,-0.105239266,3.966142783,-4.071382049
90,F1090,0,N/A,N/A,SM-102,18PG,4,80,0.8,0.2,79.4,0.6,20,0,0.039915074,2.890272231,-2.850357157
91,F1091,0,N/A,N/A,SM-102,18PG,10,49.9,0.8,5,49.6,0.4,47.6,2.5,3.37477245,8.186264606,-4.811492156
92,F1092,0,N/A,N/A,SM-102,18PG,7,49.9,0.8,5,49.6,0.4,47.6,2.5,3.355099685,7.265645554,-3.910545869
93,F1093,0,N/A,N/A,SM-102,18PG,4,49.9,0.8,5,49.6,0.4,47.6,2.5,3.600361987,6.998346986,-3.397984999
94,F1094,0,N/A,N/A,SM-102,18PG,10,49.9,0.8,1,49.6,0.4,49.6,0.5,3.846745382,9.571012036,-5.724266654
95,F1095,0,N/A,N/A,SM-102,18PG,7,49.9,0.8,1,49.6,0.4,49.6,0.5,4.134572103,8.832502014,-4.697929911
96,F1096,0,N/A,N/A,SM-102,18PG,4,49.9,0.8,1,49.6,0.4,49.6,0.5,3.352826526,7.3496808,-3.996854275
97,F1097,0,N/A,N/A,SM-102,18PG,10,49.9,0.8,0.2,49.6,0.4,50,0.1,1.961855972,8.65576802,-6.693912047
98,F1098,0,N/A,N/A,SM-102,18PG,7,49.9,0.8,0.2,49.6,0.4,50,0.1,1.111158289,8.446290049,-7.33513176
99,F1099,0,N/A,N/A,SM-102,18PG,4,49.9,0.8,0.2,49.6,0.4,50,0.1,-1.028934641,7.604677994,-8.633612635
100,F1100,0,N/A,N/A,SM-102,18PG,10,20,0.8,5,19.8,0.2,76,4,0.402220265,5.712317862,-5.310097597
101,F1101,0,N/A,N/A,SM-102,18PG,7,20,0.8,5,19.8,0.2,76,4,0.997879565,6.494515853,-5.496636288
102,F1102,0,N/A,N/A,SM-102,18PG,4,20,0.8,5,19.8,0.2,76,4,1.967707275,6.882539449,-4.914832174
103,F1103,0,N/A,N/A,SM-102,18PG,10,20,0.8,1,19.8,0.2,79.2,0.8,3.496382415,2.539216136,0.957166279
104,F1104,0,N/A,N/A,SM-102,18PG,7,20,0.8,1,19.8,0.2,79.2,0.8,3.359442182,8.372850562,-5.01340838
105,F1105,0,N/A,N/A,SM-102,18PG,4,20,0.8,1,19.8,0.2,79.2,0.8,2.402784639,8.477758282,-6.074973642
106,F1106,0,N/A,N/A,SM-102,18PG,10,20,0.8,0.2,19.8,0.2,79.9,0.2,2.794722017,7.802920713,-5.008198696
107,F1107,0,N/A,N/A,SM-102,18PG,7,20,0.8,0.2,19.8,0.2,79.9,0.2,2.044398879,7.919160997,-5.874762118
108,F1108,0,N/A,N/A,SM-102,18PG,4,20,0.8,0.2,19.8,0.2,79.9,0.2,-1.293971972,8.077240156,-9.371212129
109,F1109,1,DA,RAMOS,SM-102,18PG,7.68567276,56.9,19.3,4.6,45.9,11,41.1,2,2.483377939,3.237174629,-0.75379669
110,F1110,1,DA,RAMOS,SM-102,18PG,7.920520902,60.3,22.1,4.7,47,13.3,37.9,1.8,2.619355046,3.360629584,-0.741274538
111,F1111,1,DA,RAMOS,SM-102,18PG,10.14386976,66.8,14.5,2.7,57.1,9.7,32.3,0.9,1.926602685,3.051545783,-1.124943097
112,F1112,1,DA,RAMOS,SM-102,18PG,16.84463271,52.2,10.5,1.8,46.7,5.5,47,0.8,2.307086978,7.807525888,-5.500438911
113,F1113,1,DA,RAMOS,SM-102,18PG,11.11501744,49.7,16.6,2.2,41.5,8.2,49.2,1.1,2.465207657,7.72596821,-5.260760553
114,F1114,1,DA,RAMOS,SM-102,18PG,10.01481169,55.7,20,2.7,44.6,11.2,43.1,1.2,1.971224344,5.549633863,-3.578409519
115,F1115,1,DA,RAMOS,SM-102,18PG,18.85326667,49,17.2,3.8,40.6,8.5,49,1.9,2.333868826,7.587815737,-5.253946911
116,F1116,1,DA,RAMOS,SM-102,18PG,8.926423311,69.1,36.5,1.5,43.9,25.2,30.4,0.5,-0.981177852,2.396868379,-3.378046231
117,F1117,1,DA,RAMOS,SM-102,18PG,5.037035892,30.4,8.5,1.1,27.8,2.6,68.9,0.7,4.727844768,7.89798831,-3.170143542
118,F1118,2,DA,RAMOS,SM-102,18PG,6.095056047,26.7,8.6,1.2,24.4,2.3,72.4,0.9,4.788854318,7.597724794,-2.808870476
119,F1119,2,DA,RAMOS,SM-102,18PG,4.068308561,33.3,10.5,1.3,29.8,3.5,65.8,0.9,4.833016048,8.291134003,-3.458117955
120,F1120,2,DA,RAMOS,SM-102,18PG,7.68567276,56.9,19.3,4.6,45.9,11,41.1,2,2.483377939,4.413790043,-1.930412104
121,F1121,2,DA,RAMOS,SM-102,18PG,5.265855957,45.1,10.4,1.3,40.3,4.7,54.2,0.7,4.615644165,8.231072102,-3.615427937
122,F1122,2,DA,RAMOS,SM-102,18PG,20.78429919,70.1,40.9,4.6,41.4,28.7,28.6,1.4,-0.270542947,1.532910458,-1.803453405
123,F1123,2,DA,RAMOS,SM-102,18PG,5.22927452,26.8,9.9,1.1,24.1,2.7,72.4,0.8,4.744487647,7.796765201,-3.052277553
124,F1124,2,DA,RAMOS,SM-102,18PG,4.918920918,47.4,9.1,1.1,43.1,4.3,52,0.6,4.306235074,6.599392492,-2.293157417
125,F1125,2,DA,RAMOS,SM-102,18PG,4.523266638,29.8,9.8,1.1,26.8,2.9,69.5,0.8,4.760092311,7.62106863,-2.860976319
126,F1126,2,DA,RAMOS,SM-102,18PG,5.201356764,21.9,8.2,1.2,20.1,1.8,77.2,0.9,4.468642529,7.105066635,-2.636424106
127,F1127,2,DA,RAMOS,SM-102,18PG,6.761997098,38.5,10,1.4,34.7,3.8,60.6,0.8,4.500894021,7.438747073,-2.937853052
128,F1128,3,DA,RAMOS,SM-102,18PG,5.934757992,29.5,7.8,1.4,27.2,2.3,69.5,1,4.134224911,8.079468456,-3.945243545
129,F1129,3,DA,RAMOS,SM-102,18PG,4.566887403,36.4,7.9,1.4,33.5,2.9,62.7,0.9,3.650462684,7.710314984,-4.0598523
130,F1130,3,DA,RAMOS,SM-102,18PG,6.20410431,42.8,7.8,1.4,39.4,3.3,56.4,0.8,3.807024602,7.910333551,-4.103308949
131,F1131,3,DA,RAMOS,SM-102,18PG,6.761824606,34.4,7.9,1.4,31.7,2.7,64.7,0.9,3.268071106,7.522928669,-4.254857563
132,F1132,3,DA,RAMOS,SM-102,18PG,4.2336411,41.7,8,1.5,38.3,3.4,57.5,0.9,3.56087473,7.906492009,-4.345617279
133,F1133,3,DA,RAMOS,SM-102,18PG,4.274645886,27.7,8,1.4,25.5,2.2,71.3,1,3.801167274,7.335858325,-3.534691051
134,F1134,3,DA,RAMOS,SM-102,18PG,4.680386148,23.9,7.8,1.5,22,1.8,75,1.1,3.688322968,7.004887232,-3.316564264
135,F1135,3,DA,RAMOS,SM-102,18PG,4.122122936,32.5,8.2,1.4,29.8,2.7,66.5,0.9,3.785480438,7.762354378,-3.97687394
136,F1136,3,DA,RAMOS,SM-102,18PG,6.742677695,39,8.1,1.5,35.8,3.2,60.1,0.9,3.549567298,8.204643502,-4.655076204
137,F1137,3,DA,RAMOS,SM-102,18PG,7.201356059,32.1,10.3,1,28.8,3.3,67.2,0.7,3.76490729,8.582412026,-4.817504736
138,F1138,1,NSGAII,RAMOS,SM-102,18PG,10.204,86.4,7.7,0.5,79.7,6.7,13.5,0.1,2.489077892,5.32795445,-2.838876559
139,F1139,1,NSGAII,RAMOS,SM-102,18PG,5.947,20.5,52.2,1.4,9.8,10.7,78.4,1.1,-0.059879876,1.96599325,-2.025873126
140,F1140,1,NSGAII,RAMOS,SM-102,18PG,10.181,82,52.7,1.1,38.8,43.2,17.8,0.2,-0.117376853,3.469619398,-3.586996251
141,F1141,1,NSGAII,RAMOS,SM-102,18PG,4.027,28.6,8.8,1.1,26.1,2.5,70.6,0.8,4.450536871,9.716769773,-5.266232902
142,F1142,1,NSGAII,RAMOS,SM-102,18PG,10.715,61.3,22.4,1.4,47.6,13.7,38.1,0.5,3.860461876,7.002018855,-3.141556979
143,F1143,1,NSGAII,RAMOS,SM-102,18PG,5.864,28.6,28.4,1.1,20.5,8.1,70.6,0.8,4.796006411,9.493501386,-4.697494975
144,F1144,1,NSGAII,RAMOS,SM-102,18PG,10.631,61.7,7.7,0.6,56.9,4.8,38.1,0.2,3.725920084,7.447453568,-3.721533484
145,F1145,1,NSGAII,RAMOS,SM-102,18PG,10.164,59.7,43.7,1.1,33.6,26.1,39.9,0.4,-0.305930926,2.340033934,-2.64596486
146,F1146,1,NSGAII,RAMOS,SM-102,18PG,10.06,89.4,47.7,0.2,46.8,42.6,10.6,0,-0.499713926,1.061451671,-1.561165597
147,F1147,1,NSGAII,RAMOS,SM-102,18PG,4.548,27.2,43.9,1.1,15.3,12,72,0.8,0.000799342,0.260592392,-0.259793051
148,F1148,1,NSGAII,RAMOS,SM-102,18PG,10.136,88.2,15.6,1,74.4,13.8,11.7,0.1,2.778028747,4.336030972,-1.558002225
149,F1149,1,NSGAII,RAMOS,SM-102,18PG,10.718,66.5,52.7,1.1,31.4,35,33.2,0.4,-0.560639386,0.005210875,-0.56585026
150,F1150,1,NSGAII,RAMOS,SM-102,18PG,6.913,20,41.4,1.4,11.7,8.3,78.9,1.1,0.61415128,2.495096295,-1.880945015
151,F1151,1,NSGAII,RAMOS,SM-102,18PG,4.006,21.7,34.1,1.1,14.3,7.4,77.4,0.9,2.311041973,4.138466134,-1.827424161
152,F1152,1,NSGAII,RAMOS,SM-102,18PG,5.904,29.4,19.7,1.1,23.6,5.8,69.8,0.8,3.601141575,8.552244908,-4.951103333
153,F1153,2,NSGAII,RAMOS,SM-102,18PG,10.717,80.5,31.4,0.2,55.3,25.3,19.4,0,3.552430346,7.083690078,-3.531259732
154,F1154,2,NSGAII,RAMOS,SM-102,18PG,10.717,45.8,43.7,0.2,25.8,20,54.1,0.1,0.318896278,1.142124164,-0.823227886
155,F1155,2,NSGAII,RAMOS,SM-102,18PG,4.007,82.6,16.8,0.2,68.7,13.9,17.4,0,1.517852418,3.962103213,-2.444250795
156,F1156,2,NSGAII,RAMOS,SM-102,18PG,10.13,66.3,43.2,1.4,37.7,28.6,33.2,0.5,0.466403587,2.462043807,-1.99564022
157,F1157,2,NSGAII,RAMOS,SM-102,18PG,14.544,66.5,43.2,0.2,37.8,28.8,33.4,0.1,0.433849683,2.565014607,-2.131164924
158,F1158,2,NSGAII,RAMOS,SM-102,18PG,4.165,78.8,34,0.2,52,26.8,21.2,0,4.327235743,3.824375669,0.502860075
159,F1159,2,NSGAII,RAMOS,SM-102,18PG,10.13,65.5,50.6,0.2,32.4,33.1,34.5,0.1,0.339800134,1.973935707,-1.634135572
160,F1160,2,NSGAII,RAMOS,SM-102,18PG,10.717,67,31.8,0.2,45.7,21.3,32.9,0.1,3.928083319,7.288025249,-3.35994193
161,F1161,2,NSGAII,RAMOS,SM-102,18PG,10.717,48.1,34.9,0.2,31.3,16.8,51.8,0.1,5.442288783,8.030975562,-2.588686779
162,F1162,2,NSGAII,RAMOS,SM-102,18PG,11.016,66.5,43.1,0.2,37.9,28.7,33.4,0.1,0.571144552,1.252902043,-0.681757491
163,F1163,2,NSGAII,RAMOS,SM-102,18PG,10.081,65.7,48.9,1,33.6,32.2,33.9,0.3,0.113589019,-0.67325566,0.786844679
164,F1164,2,NSGAII,RAMOS,SM-102,18PG,4.188,82.8,28.6,0.5,59.1,23.7,17.1,0.1,2.649270487,4.637541687,-1.9882712
165,F1165,2,NSGAII,RAMOS,SM-102,18PG,10.717,74,35.4,0.2,47.8,26.2,26,0.1,3.835108001,6.745413058,-2.910305057
166,F1166,2,NSGAII,RAMOS,SM-102,18PG,10.717,81,36.4,0.2,51.5,29.5,19,0,3.581745812,5.667579181,-2.085833369
167,F1167,2,NSGAII,RAMOS,SM-102,18PG,10.071,66.1,43.4,0.5,37.5,28.7,33.7,0.2,1.018482894,2.960612068,-1.942129174
168,F1168,3,NSGAII,RAMOS,SM-102,18PG,4,21.4,37.3,1.1,13.4,8,77.7,0.9,6.857898611,9.174882164,-2.316983553
169,F1169,3,NSGAII,RAMOS,SM-102,18PG,24.069,47.8,35,0.2,31.1,16.8,52.1,0.1,6.629763792,9.536933353,-2.907169562
170,F1170,3,NSGAII,RAMOS,SM-102,18PG,9.697,78.3,43,0.2,44.6,33.7,21.7,0,1.843888719,3.245707478,-1.401818759
171,F1171,3,NSGAII,RAMOS,SM-102,18PG,15.27,48.1,35.4,1,31.1,17,51.4,0.5,6.38532774,8.235660222,-1.850332483
172,F1172,3,NSGAII,RAMOS,SM-102,18PG,4.166,79.2,22.2,0.2,61.6,17.6,20.8,0,3.18797847,2.906624643,0.281353827
173,F1173,3,NSGAII,RAMOS,SM-102,18PG,4.001,46.9,42.9,1.1,26.8,20.1,52.5,0.6,2.481733958,2.190057188,0.291676769
174,F1174,3,NSGAII,RAMOS,SM-102,18PG,4,77.3,43.1,1,44,33.3,22.5,0.2,2.191503629,2.488178823,-0.296675194
175,F1175,3,NSGAII,RAMOS,SM-102,18PG,19.295,48.2,35.1,0.2,31.3,16.9,51.7,0.1,6.615733238,8.807524128,-2.19179089
176,F1176,3,NSGAII,RAMOS,SM-102,18PG,11.183,48.1,35.4,0.3,31.1,17,51.7,0.2,6.533104387,8.372046968,-1.838942581
177,F1177,3,NSGAII,RAMOS,SM-102,18PG,6.194,79.8,34,0.2,52.6,27.1,20.2,0,5.648285139,3.9370075,1.711277639
178,F1178,3,NSGAII,RAMOS,SM-102,18PG,5.342,36,34,1.1,23.7,12.2,63.3,0.7,6.439863023,10.19446692,-3.754603901
179,F1179,3,NSGAII,RAMOS,SM-102,18PG,5.592,78.7,34,1.1,51.9,26.8,21.1,0.2,4.790512192,1.738133319,3.052378873
180,F1180,3,NSGAII,RAMOS,SM-102,18PG,21.832,48.1,35,1,31.3,16.8,51.4,0.5,5.869387833,8.819638945,-2.950251113
181,F1181,3,NSGAII,RAMOS,SM-102,18PG,14.062,48.2,35,0.2,31.3,16.9,51.7,0.1,5.875139566,6.002046622,-0.126907055
182,F1182,3,NSGAII,RAMOS,SM-102,18PG,16.687,48.1,35.3,0.2,31.1,17,51.8,0.1,5.587935315,6.599684061,-1.011748747
183,F1183,4,NSGAII,RAMOS,SM-102,18PG,4,68.1,41,1.4,40.1,28,31.4,0.5,4.406294,2.179489,2.226805
184,F1184,4,NSGAII,RAMOS,SM-102,18PG,11.796,48.1,34.9,0.2,31.3,16.8,51.7,0.1,4.763643,8.472737,-3.709094
185,F1185,4,NSGAII,RAMOS,SM-102,18PG,6.099,78.3,41.1,1.1,46.1,32.2,21.5,0.2,4.081756,2.821364,1.260392
186,F1186,4,NSGAII,RAMOS,SM-102,18PG,5.333,67,34,1.1,44.2,22.8,32.7,0.4,4.18148,5.092654,-0.911174
187,F1187,4,NSGAII,RAMOS,SM-102,18PG,6.134,62.8,41.2,1.1,36.9,25.9,36.8,0.4,4.129516,2.507529,1.621987
188,F1188,4,NSGAII,RAMOS,SM-102,18PG,4,77.7,41.3,1.1,45.6,32.1,22.1,0.2,3.700829,2.844188,0.856641
189,F1189,4,NSGAII,RAMOS,SM-102,18PG,5.94,68.1,41.3,1.4,39.9,28.1,31.5,0.4,3.73075,1.893883,1.836867
190,F1190,4,NSGAII,RAMOS,SM-102,18PG,5.463,67.1,34,1.4,44.3,22.8,32.4,0.5,3.642813,6.021843,-2.37903
191,F1191,4,NSGAII,RAMOS,SM-102,18PG,4,67,34.9,1.1,43.6,23.4,32.6,0.4,3.872537,4.825062,-0.952525
192,F1192,4,NSGAII,RAMOS,SM-102,18PG,6.134,67,41,1.1,39.5,27.5,32.6,0.4,4.536779,4.954294,-0.417515
193,F1193,4,NSGAII,RAMOS,SM-102,18PG,5.94,64,40.9,1.4,37.8,26.2,35.5,0.5,4.629343,3.478019,1.151324
194,F1194,4,NSGAII,RAMOS,SM-102,18PG,11.725,48.2,34.9,0.3,31.3,16.8,51.7,0.1,4.874276,8.626805,-3.752529
195,F1195,4,NSGAII,RAMOS,SM-102,18PG,6.134,63.5,41.2,1.1,37.3,26.2,36.1,0.4,4.145005,1.247133,2.897872
196,F1196,4,NSGAII,RAMOS,SM-102,18PG,5.94,64.7,40.9,1.4,38.2,26.5,34.8,0.5,4.33355,1.919481,2.414069
197,F1197,4,NSGAII,RAMOS,SM-102,18PG,6.142,77.7,41.1,1.1,45.8,31.9,22.1,0.2,4.535442,3.062849,1.472593
