Formula_label,FALCON_ID,Iter,Opt_Method,Max_Cell_Target,Ionizable_lipid,Helper_lipid,NP_ratio,IL+HL,HL_IL+HL,PEG_PEG+Chol,SM102_PcntMolar,DOTAP_PcntMolar,Cholesterol_PcntMolar,DMGPEG_PcntMolar,nLnLE_INS
1,F3001,0,N/A,N/A,SM-102,DOTAP,10,80,50,5,40,40,19,1,3.450714216
2,F3002,0,N/A,N/A,SM-102,DOTAP,7,80,50,5,40,40,19,1,2.771010586
3,F3003,0,N/A,N/A,SM-102,DOTAP,4,80,50,5,40,40,19,1,2.165423704
4,F3004,0,N/A,N/A,SM-102,DOTAP,10,80,50,1,40,40,19.8,0.2,3.427428756
5,F3005,0,N/A,N/A,SM-102,DOTAP,7,80,50,1,40,40,19.8,0.2,3.127365636
6,F3006,0,N/A,N/A,SM-102,DOTAP,4,80,50,1,40,40,19.8,0.2,2.736022076
7,F3007,0,N/A,N/A,SM-102,DOTAP,10,80,50,0.2,40,40,19.96,0.04,3.558406076
8,F3008,0,N/A,N/A,SM-102,DOTAP,7,80,50,0.2,40,40,19.96,0.04,3.270869536
9,F3009,0,N/A,N/A,SM-102,DOTAP,4,80,50,0.2,40,40,19.96,0.04,2.517752346
10,F3010,0,N/A,N/A,SM-102,DOTAP,10,50,50,5,25,25,47.5,2.5,5.19823188
11,F3011,0,N/A,N/A,SM-102,DOTAP,7,50,50,5,25,25,47.5,2.5,5.21433755
12,F3012,0,N/A,N/A,SM-102,DOTAP,4,50,50,5,25,25,47.5,2.5,5.2269007
13,F3013,0,N/A,N/A,SM-102,DOTAP,10,50,50,1,25,25,49.5,0.5,6.12258712
14,F3014,0,N/A,N/A,SM-102,DOTAP,7,50,50,1,25,25,49.5,0.5,7.27264882
15,F3015,0,N/A,N/A,SM-102,DOTAP,4,50,50,1,25,25,49.5,0.5,7.12127305
16,F3016,0,N/A,N/A,SM-102,DOTAP,10,50,50,0.2,25,25,49.9,0.1,6.78327752
17,F3017,0,N/A,N/A,SM-102,DOTAP,7,50,50,0.2,25,25,49.9,0.1,8.02584821
18,F3018,0,N/A,N/A,SM-102,DOTAP,4,50,50,0.2,25,25,49.9,0.1,7.22822125
19,F3019,0,N/A,N/A,SM-102,DOTAP,10,20,50,5,10,10,76,4,5.24160885
20,F3020,0,N/A,N/A,SM-102,DOTAP,7,20,50,5,10,10,76,4,5.36147764
21,F3021,0,N/A,N/A,SM-102,DOTAP,4,20,50,5,10,10,76,4,4.666530066
22,F3022,0,N/A,N/A,SM-102,DOTAP,10,20,50,1,10,10,79.2,0.8,6.05228367
23,F3023,0,N/A,N/A,SM-102,DOTAP,7,20,50,1,10,10,79.2,0.8,5.17798019
24,F3024,0,N/A,N/A,SM-102,DOTAP,4,20,50,1,10,10,79.2,0.8,5.26274393
25,F3025,0,N/A,N/A,SM-102,DOTAP,10,20,50,0.2,10,10,79.84,0.16,5.33116307
26,F3026,0,N/A,N/A,SM-102,DOTAP,7,20,50,0.2,10,10,79.84,0.16,4.623824186
27,F3027,0,N/A,N/A,SM-102,DOTAP,4,20,50,0.2,10,10,79.84,0.16,3.695804966
28,F3028,0,N/A,N/A,SM-102,DOTAP,10,80,30,5,56,24,19,1,3.962706196
29,F3029,0,N/A,N/A,SM-102,DOTAP,7,80,30,5,56,24,19,1,3.933331456
30,F3030,0,N/A,N/A,SM-102,DOTAP,4,80,30,5,56,24,19,1,2.425445486
31,F3031,0,N/A,N/A,SM-102,DOTAP,10,80,30,1,56,24,19.8,0.2,3.743549536
32,F3032,0,N/A,N/A,SM-102,DOTAP,7,80,30,1,56,24,19.8,0.2,3.672965886
33,F3033,0,N/A,N/A,SM-102,DOTAP,4,80,30,1,56,24,19.8,0.2,2.315858546
34,F3034,0,N/A,N/A,SM-102,DOTAP,10,80,30,0.2,56,24,19.96,0.04,4.138824016
35,F3035,0,N/A,N/A,SM-102,DOTAP,7,80,30,0.2,56,24,19.96,0.04,3.933931486
36,F3036,0,N/A,N/A,SM-102,DOTAP,4,80,30,0.2,56,24,19.96,0.04,2.802339396
37,F3037,0,N/A,N/A,SM-102,DOTAP,10,50,30,5,35,15,47.5,2.5,7.1435166
38,F3038,0,N/A,N/A,SM-102,DOTAP,7,50,30,5,35,15,47.5,2.5,6.7718824
39,F3039,0,N/A,N/A,SM-102,DOTAP,4,50,30,5,35,15,47.5,2.5,6.06500368
40,F3040,0,N/A,N/A,SM-102,DOTAP,10,50,30,1,35,15,49.5,0.5,6.94035373
41,F3041,0,N/A,N/A,SM-102,DOTAP,7,50,30,1,35,15,49.5,0.5,6.72861253
42,F3042,0,N/A,N/A,SM-102,DOTAP,4,50,30,1,35,15,49.5,0.5,6.24443317
43,F3043,0,N/A,N/A,SM-102,DOTAP,10,50,30,0.2,35,15,49.9,0.1,6.94774475
44,F3044,0,N/A,N/A,SM-102,DOTAP,7,50,30,0.2,35,15,49.9,0.1,6.93787787
45,F3045,0,N/A,N/A,SM-102,DOTAP,4,50,30,0.2,35,15,49.9,0.1,6.45612477
46,F3046,0,N/A,N/A,SM-102,DOTAP,10,20,30,5,14,6,76,4,5.8142147
47,F3047,0,N/A,N/A,SM-102,DOTAP,7,20,30,5,14,6,76,4,5.90470231
48,F3048,0,N/A,N/A,SM-102,DOTAP,4,20,30,5,14,6,76,4,5.46201783
49,F3049,0,N/A,N/A,SM-102,DOTAP,10,20,30,1,14,6,79.2,0.8,6.03439519
50,F3050,0,N/A,N/A,SM-102,DOTAP,7,20,30,1,14,6,79.2,0.8,5.85793017
51,F3051,0,N/A,N/A,SM-102,DOTAP,4,20,30,1,14,6,79.2,0.8,4.86249353
52,F3052,0,N/A,N/A,SM-102,DOTAP,10,20,30,0.2,14,6,79.84,0.16,4.078690536
53,F3053,0,N/A,N/A,SM-102,DOTAP,7,20,30,0.2,14,6,79.84,0.16,3.932881196
54,F3054,0,N/A,N/A,SM-102,DOTAP,4,20,30,0.2,14,6,79.84,0.16,3.532233326
55,F3055,0,N/A,N/A,SM-102,DOTAP,10,80,10,5,72,8,19,1,5.19625336
56,F3056,0,N/A,N/A,SM-102,DOTAP,7,80,10,5,72,8,19,1,4.573427916
57,F3057,0,N/A,N/A,SM-102,DOTAP,4,80,10,5,72,8,19,1,3.597509236
58,F3058,0,N/A,N/A,SM-102,DOTAP,10,80,10,1,72,8,19.8,0.2,5.47900748
59,F3059,0,N/A,N/A,SM-102,DOTAP,7,80,10,1,72,8,19.8,0.2,4.83688701
60,F3060,0,N/A,N/A,SM-102,DOTAP,4,80,10,1,72,8,19.8,0.2,4.330912816
61,F3061,0,N/A,N/A,SM-102,DOTAP,10,80,10,0.2,72,8,19.96,0.04,6.42004544
62,F3062,0,N/A,N/A,SM-102,DOTAP,7,80,10,0.2,72,8,19.96,0.04,5.33165738
63,F3063,0,N/A,N/A,SM-102,DOTAP,4,80,10,0.2,72,8,19.96,0.04,3.839810296
64,F3064,0,N/A,N/A,SM-102,DOTAP,10,50,10,5,45,5,47.5,2.5,4.684625796
65,F3065,0,N/A,N/A,SM-102,DOTAP,7,50,10,5,45,5,47.5,2.5,4.078084846
66,F3066,0,N/A,N/A,SM-102,DOTAP,4,50,10,5,45,5,47.5,2.5,3.234013116
67,F3067,0,N/A,N/A,SM-102,DOTAP,10,50,10,1,45,5,49.5,0.5,5.46418444
68,F3068,0,N/A,N/A,SM-102,DOTAP,7,50,10,1,45,5,49.5,0.5,5.18487182
69,F3069,0,N/A,N/A,SM-102,DOTAP,4,50,10,1,45,5,49.5,0.5,3.697136056
70,F3070,0,N/A,N/A,SM-102,DOTAP,10,50,10,0.2,45,5,49.9,0.1,5.38529535
71,F3071,0,N/A,N/A,SM-102,DOTAP,7,50,10,0.2,45,5,49.9,0.1,4.92674809
72,F3072,0,N/A,N/A,SM-102,DOTAP,4,50,10,0.2,45,5,49.9,0.1,4.228289546
73,F3073,0,N/A,N/A,SM-102,DOTAP,10,20,10,5,18,2,76,4,4.638910416
74,F3074,0,N/A,N/A,SM-102,DOTAP,7,20,10,5,18,2,76,4,3.878179376
75,F3075,0,N/A,N/A,SM-102,DOTAP,4,20,10,5,18,2,76,4,3.471399996
76,F3076,0,N/A,N/A,SM-102,DOTAP,10,20,10,1,18,2,79.2,0.8,4.80614993
77,F3077,0,N/A,N/A,SM-102,DOTAP,7,20,10,1,18,2,79.2,0.8,4.448957226
78,F3078,0,N/A,N/A,SM-102,DOTAP,4,20,10,1,18,2,79.2,0.8,3.544151266
79,F3079,0,N/A,N/A,SM-102,DOTAP,10,20,10,0.2,18,2,79.84,0.16,2.219271899
80,F3080,0,N/A,N/A,SM-102,DOTAP,7,20,10,0.2,18,2,79.84,0.16,1.996364339
81,F3081,0,N/A,N/A,SM-102,DOTAP,4,20,10,0.2,18,2,79.84,0.16,2.078502897
82,F3082,0,N/A,N/A,SM-102,DOTAP,10,80,1,5,79.2,0.8,19,1,1.65695908
83,F3083,0,N/A,N/A,SM-102,DOTAP,7,80,1,5,79.2,0.8,19,1,1.032622854
84,F3084,0,N/A,N/A,SM-102,DOTAP,4,80,1,5,79.2,0.8,19,1,0.289545954
85,F3085,0,N/A,N/A,SM-102,DOTAP,10,80,1,1,79.2,0.8,19.8,0.2,2.501238496
86,F3086,0,N/A,N/A,SM-102,DOTAP,7,80,1,1,79.2,0.8,19.8,0.2,1.972769396
87,F3087,0,N/A,N/A,SM-102,DOTAP,4,80,1,1,79.2,0.8,19.8,0.2,0.464258823
88,F3088,0,N/A,N/A,SM-102,DOTAP,10,80,1,0.2,79.2,0.8,19.96,0.04,1.948167378
89,F3089,0,N/A,N/A,SM-102,DOTAP,7,80,1,0.2,79.2,0.8,19.96,0.04,1.360730226
90,F3090,0,N/A,N/A,SM-102,DOTAP,4,80,1,0.2,79.2,0.8,19.96,0.04,0.576548863
91,F3091,0,N/A,N/A,SM-102,DOTAP,10,50,1,5,49.5,0.5,47.5,2.5,4.442304716
92,F3092,0,N/A,N/A,SM-102,DOTAP,7,50,1,5,49.5,0.5,47.5,2.5,4.247250606
93,F3093,0,N/A,N/A,SM-102,DOTAP,4,50,1,5,49.5,0.5,47.5,2.5,3.948570126
94,F3094,0,N/A,N/A,SM-102,DOTAP,10,50,1,1,49.5,0.5,49.5,0.5,5.51698077
95,F3095,0,N/A,N/A,SM-102,DOTAP,7,50,1,1,49.5,0.5,49.5,0.5,5.36590481
96,F3096,0,N/A,N/A,SM-102,DOTAP,4,50,1,1,49.5,0.5,49.5,0.5,4.664052226
97,F3097,0,N/A,N/A,SM-102,DOTAP,10,50,1,0.2,49.5,0.5,49.9,0.1,4.86957878
98,F3098,0,N/A,N/A,SM-102,DOTAP,7,50,1,0.2,49.5,0.5,49.9,0.1,4.602279826
99,F3099,0,N/A,N/A,SM-102,DOTAP,4,50,1,0.2,49.5,0.5,49.9,0.1,3.911895926
100,F3100,0,N/A,N/A,SM-102,DOTAP,10,20,1,5,19.8,0.2,76,4,4.000685746
101,F3101,0,N/A,N/A,SM-102,DOTAP,7,20,1,5,19.8,0.2,76,4,3.912611086
102,F3102,0,N/A,N/A,SM-102,DOTAP,4,20,1,5,19.8,0.2,76,4,3.858850206
103,F3103,0,N/A,N/A,SM-102,DOTAP,10,20,1,1,19.8,0.2,79.2,0.8,5.53760425
104,F3104,0,N/A,N/A,SM-102,DOTAP,7,20,1,1,19.8,0.2,79.2,0.8,5.35111111
105,F3105,0,N/A,N/A,SM-102,DOTAP,4,20,1,1,19.8,0.2,79.2,0.8,4.93155224
106,F3106,0,N/A,N/A,SM-102,DOTAP,10,20,1,0.2,19.8,0.2,79.84,0.16,3.954953646
107,F3107,0,N/A,N/A,SM-102,DOTAP,7,20,1,0.2,19.8,0.2,79.84,0.16,4.171989506
108,F3108,0,N/A,N/A,SM-102,DOTAP,4,20,1,0.2,19.8,0.2,79.84,0.16,4.556674436
109,F3109,1,DA,INS,SM-102,DOTAP,9.896283,51.7008,39.21199,0.50984,31.42788747,20.27291253,48.05295136,0.246248641,6.35621633
110,F3110,1,DA,INS,SM-102,DOTAP,9.356889,62.27109,49.2148,0.701152,31.6244976,30.6465924,37.46437299,0.264537007,5.32007172
111,F3111,1,DA,INS,SM-102,DOTAP,9.518316,69.43939,41.11027,0.84875,40.89266928,28.54672072,30.30122682,0.259383177,5.8756336
112,F3112,1,DA,INS,SM-102,DOTAP,9.407134,63.15026,38.74974,0.81742,38.67969844,24.47056156,36.54852286,0.301217145,6.72321815
113,F3113,1,DA,INS,SM-102,DOTAP,8.607012,51.23282,33.48125,0.722613,34.07943145,17.15338855,48.41478202,0.352397982,7.91318329
114,F3114,2,DA,INS,SM-102,DOTAP,32.35139219,50.0291425,30.2113671,0.555289465,34.9146546,15.1144879,49.69337459,0.277482907,8.06924992
115,F3115,2,DA,INS,SM-102,DOTAP,29.35403711,50.04106243,33.4395571,0.678995398,33.30755279,16.73350964,49.61971868,0.339218887,8.20547584
116,F3116,2,DA,INS,SM-102,DOTAP,37.1150639,50.12631738,31.62924825,0.677381324,34.27174002,15.85457736,49.53584761,0.337835012,8.27574848
117,F3117,2,DA,INS,SM-102,DOTAP,36.87333176,23.43851045,9.403317529,0.578717372,21.23451289,2.203997562,76.11841491,0.44307464,7.03521838
118,F3118,2,DA,INS,SM-102,DOTAP,24.25865204,50.02648103,31.44689547,0.649103319,34.29470583,15.7317752,49.6491392,0.32437977,8.72421422
119,F3119,3,DA,INS,SM-102,DOTAP,13.44019039,54.631538,37.99162769,0.710546572,33.87612748,20.75541052,45.04609795,0.322364052,6.94573719
120,F3120,3,DA,INS,SM-102,DOTAP,13.48616455,57.18717986,35.4267409,4.442346515,36.92762582,20.25955404,40.91092632,1.901893823,7.16873719
121,F3121,3,DA,INS,SM-102,DOTAP,13.517108,58.59094727,32.59038278,0.600565225,39.49593328,19.09501399,41.16036436,0.248688371,7.48273719
122,F3122,3,DA,INS,SM-102,DOTAP,13.54459894,53.31701931,33.45737525,0.487760647,35.47854409,17.83847522,46.45527948,0.227701209,7.36573719
123,F3123,3,DA,INS,SM-102,DOTAP,13.50301986,61.27237489,37.23105698,4.842758371,38.46002208,22.81235281,36.8521398,1.875485307,7.92973719
