Formula_label,Opt_Method,Iter,Cell_Target,Ionizable_Lipid,Helper_lipid,NP_ratio,IL+HL,HL_IL+HL,PEG_PEG+Chol,RLU_HB,RLU_NORM_HB,RAMOS_unblank,LnRLU_RAMOS
0,Grid-Search,0,,SM-102,DSPC,6.0,60.0,16.66667,3.75,8.596412141,9.840930616,10.28678644,5.286786441
1,Grid-Search,0,,SM-102,DSPC,10.0,80.0,50.0,5.0,5.926748232,7.171266707,7.171266707,2.171266707
2,Grid-Search,0,,SM-102,DSPC,7.0,80.0,50.0,5.0,5.944809602,7.189328077,7.189328077,2.189328077
3,Grid-Search,0,,SM-102,DSPC,4.0,80.0,50.0,5.0,5.849996984,7.094515459,7.094515459,2.094515459
4,Grid-Search,0,,SM-102,DSPC,10.0,80.0,50.0,1.0,5.98376834,7.228286815,7.228286815,2.228286815
5,Grid-Search,0,,SM-102,DSPC,7.0,80.0,50.0,1.0,5.793013608,7.037532083,7.037532083,2.037532083
6,Grid-Search,0,,SM-102,DSPC,4.0,80.0,50.0,1.0,5.872023888,7.116542363,7.116542363,2.116542363
7,Grid-Search,0,,SM-102,DSPC,10.0,80.0,50.0,0.2,5.80934297,7.053861445,7.053861445,2.053861445
8,Grid-Search,0,,SM-102,DSPC,7.0,80.0,50.0,0.2,5.756269501,7.000787976,7.000787976,2.000787976
9,Grid-Search,0,,SM-102,DSPC,4.0,80.0,50.0,0.2,5.80994267,7.054461145,7.054461145,2.054461145
10,Grid-Search,0,,SM-102,DSPC,10.0,50.0,50.0,5.0,7.027610241,8.272128716,8.272128716,3.272128716
11,Grid-Search,0,,SM-102,DSPC,7.0,50.0,50.0,5.0,7.450796367,8.695314842,8.695314842,3.695314842
12,Grid-Search,0,,SM-102,DSPC,4.0,50.0,50.0,5.0,6.158954434,7.403472909,7.403472909,2.403472909
13,Grid-Search,0,,SM-102,DSPC,10.0,50.0,50.0,1.0,5.672635746,6.91715422,6.91715422,1.91715422
14,Grid-Search,0,,SM-102,DSPC,7.0,50.0,50.0,1.0,5.615315493,6.859833968,6.859833968,1.859833968
15,Grid-Search,0,,SM-102,DSPC,4.0,50.0,50.0,1.0,5.497168225,6.7416867,6.7416867,1.7416867
16,Grid-Search,0,,SM-102,DSPC,10.0,50.0,50.0,0.2,5.60347092,6.847989395,6.847989395,1.847989395
17,Grid-Search,0,,SM-102,DSPC,7.0,50.0,50.0,0.2,5.406573685,6.65109216,6.65109216,1.65109216
18,Grid-Search,0,,SM-102,DSPC,4.0,50.0,50.0,0.2,5.712521952,6.957040427,6.957040427,1.957040427
19,Grid-Search,0,,SM-102,DSPC,10.0,20.0,50.0,5.0,6.131661178,7.376179652,7.376179652,2.376179652
20,Grid-Search,0,,SM-102,DSPC,7.0,20.0,50.0,5.0,6.024657514,7.269175989,7.269175989,2.269175989
21,Grid-Search,0,,SM-102,DSPC,4.0,20.0,50.0,5.0,5.855549363,7.100067838,7.100067838,2.100067838
22,Grid-Search,0,,SM-102,DSPC,10.0,20.0,50.0,1.0,5.521194216,6.76571269,6.76571269,1.76571269
23,Grid-Search,0,,SM-102,DSPC,7.0,20.0,50.0,1.0,5.613979326,6.8584978,6.8584978,1.8584978
24,Grid-Search,0,,SM-102,DSPC,4.0,20.0,50.0,1.0,5.912331148,7.156849623,7.156849623,2.156849623
25,Grid-Search,0,,SM-102,DSPC,10.0,20.0,50.0,0.2,5.414617822,6.659136297,6.659136297,1.659136297
26,Grid-Search,0,,SM-102,DSPC,7.0,20.0,50.0,0.2,5.482304203,6.726822677,6.726822677,1.726822677
27,Grid-Search,0,,SM-102,DSPC,4.0,20.0,50.0,0.2,5.483966713,6.728485188,6.728485188,1.728485188
28,Grid-Search,0,,SM-102,DSPC,10.0,80.0,30.0,5.0,5.543352864,6.787871339,6.787871339,1.787871339
29,Grid-Search,0,,SM-102,DSPC,7.0,80.0,30.0,5.0,5.782080071,7.026598546,7.026598546,2.026598546
30,Grid-Search,0,,SM-102,DSPC,4.0,80.0,30.0,5.0,5.539562753,6.784081228,6.784081228,1.784081228
31,Grid-Search,0,,SM-102,DSPC,10.0,80.0,30.0,1.0,6.006927707,7.251446182,7.251446182,2.251446182
32,Grid-Search,0,,SM-102,DSPC,7.0,80.0,30.0,1.0,5.880626092,7.125144567,7.125144567,2.125144567
33,Grid-Search,0,,SM-102,DSPC,4.0,80.0,30.0,1.0,5.49484312,6.739361595,6.739361595,1.739361595
34,Grid-Search,0,,SM-102,DSPC,10.0,80.0,30.0,0.2,5.697876178,6.942394653,6.942394653,1.942394653
35,Grid-Search,0,,SM-102,DSPC,7.0,80.0,30.0,0.2,5.878669053,7.123187528,7.123187528,2.123187528
36,Grid-Search,0,,SM-102,DSPC,4.0,80.0,30.0,0.2,5.353278925,6.597797399,6.597797399,1.597797399
37,Grid-Search,0,,SM-102,DSPC,10.0,50.0,30.0,5.0,6.912344731,8.156863206,8.156863206,3.156863206
38,Grid-Search,0,,SM-102,DSPC,7.0,50.0,30.0,5.0,6.922545364,8.167063839,8.167063839,3.167063839
39,Grid-Search,0,,SM-102,DSPC,4.0,50.0,30.0,5.0,5.202540411,6.447058886,6.447058886,1.447058886
40,Grid-Search,0,,SM-102,DSPC,10.0,50.0,30.0,1.0,5.922918005,7.167436479,7.167436479,2.167436479
41,Grid-Search,0,,SM-102,DSPC,7.0,50.0,30.0,1.0,5.56221891,6.806737385,6.806737385,1.806737385
42,Grid-Search,0,,SM-102,DSPC,4.0,50.0,30.0,1.0,5.48341285,6.727931325,6.727931325,1.727931325
43,Grid-Search,0,,SM-102,DSPC,10.0,50.0,30.0,0.2,5.507091504,6.751609979,6.751609979,1.751609979
44,Grid-Search,0,,SM-102,DSPC,7.0,50.0,30.0,0.2,5.489488539,6.734007013,6.734007013,1.734007013
45,Grid-Search,0,,SM-102,DSPC,4.0,50.0,30.0,0.2,5.395897695,6.64041617,6.64041617,1.64041617
46,Grid-Search,0,,SM-102,DSPC,10.0,20.0,30.0,5.0,7.355854073,8.600372548,8.600372548,3.600372548
47,Grid-Search,0,,SM-102,DSPC,7.0,20.0,30.0,5.0,6.64621734,7.890735814,7.890735814,2.890735814
48,Grid-Search,0,,SM-102,DSPC,4.0,20.0,30.0,5.0,6.380517939,7.625036414,7.625036414,2.625036414
49,Grid-Search,0,,SM-102,DSPC,10.0,20.0,30.0,1.0,6.554550498,7.799068972,7.799068972,2.799068972
50,Grid-Search,0,,SM-102,DSPC,7.0,20.0,30.0,1.0,6.290333809,7.534852284,7.534852284,2.534852284
51,Grid-Search,0,,SM-102,DSPC,4.0,20.0,30.0,1.0,5.902815466,7.147333941,7.147333941,2.147333941
52,Grid-Search,0,,SM-102,DSPC,10.0,20.0,30.0,0.2,5.122971423,6.367489898,6.367489898,1.367489898
53,Grid-Search,0,,SM-102,DSPC,7.0,20.0,30.0,0.2,5.304465097,6.548983572,6.548983572,1.548983572
54,Grid-Search,0,,SM-102,DSPC,4.0,20.0,30.0,0.2,5.123765547,6.368284022,6.368284022,1.368284022
55,Grid-Search,0,,SM-102,DSPC,10.0,80.0,10.0,5.0,5.672521113,6.917039588,6.917039588,1.917039588
56,Grid-Search,0,,SM-102,DSPC,7.0,80.0,10.0,5.0,5.415804062,6.660322537,6.660322537,1.660322537
57,Grid-Search,0,,SM-102,DSPC,4.0,80.0,10.0,5.0,5.42348051,6.667998984,6.667998984,1.667998984
58,Grid-Search,0,,SM-102,DSPC,10.0,80.0,10.0,1.0,5.476881874,6.721400349,6.721400349,1.721400349
59,Grid-Search,0,,SM-102,DSPC,7.0,80.0,10.0,1.0,5.254017108,6.498535582,6.498535582,1.498535582
60,Grid-Search,0,,SM-102,DSPC,4.0,80.0,10.0,1.0,5.314846668,6.559365143,6.559365143,1.559365143
61,Grid-Search,0,,SM-102,DSPC,10.0,80.0,10.0,0.2,5.022454065,6.26697254,6.26697254,1.26697254
62,Grid-Search,0,,SM-102,DSPC,7.0,80.0,10.0,0.2,5.246322071,6.490840546,6.490840546,1.490840546
63,Grid-Search,0,,SM-102,DSPC,4.0,80.0,10.0,0.2,5.09293187,6.337450345,6.337450345,1.337450345
64,Grid-Search,0,,SM-102,DSPC,10.0,50.0,10.0,5.0,6.325791627,7.570310102,7.570310102,2.570310102
65,Grid-Search,0,,SM-102,DSPC,7.0,50.0,10.0,5.0,6.206441509,7.450959984,7.450959984,2.450959984
66,Grid-Search,0,,SM-102,DSPC,4.0,50.0,10.0,5.0,5.682558838,6.927077313,6.927077313,1.927077313
67,Grid-Search,0,,SM-102,DSPC,10.0,50.0,10.0,1.0,5.397257314,6.641775789,6.641775789,1.641775789
68,Grid-Search,0,,SM-102,DSPC,7.0,50.0,10.0,1.0,5.561962861,6.806481336,6.806481336,1.806481336
69,Grid-Search,0,,SM-102,DSPC,4.0,50.0,10.0,1.0,5.639303211,6.883821686,6.883821686,1.883821686
70,Grid-Search,0,,SM-102,DSPC,10.0,50.0,10.0,0.2,5.692833868,6.937352343,6.937352343,1.937352343
71,Grid-Search,0,,SM-102,DSPC,7.0,50.0,10.0,0.2,5.791080847,7.035599322,7.035599322,2.035599322
72,Grid-Search,0,,SM-102,DSPC,4.0,50.0,10.0,0.2,5.788327851,7.032846325,7.032846325,2.032846325
73,Grid-Search,0,,SM-102,DSPC,10.0,20.0,10.0,5.0,6.394426525,7.638945,7.638945,2.638945
74,Grid-Search,0,,SM-102,DSPC,7.0,20.0,10.0,5.0,6.50204014,7.746558614,7.746558614,2.746558614
75,Grid-Search,0,,SM-102,DSPC,4.0,20.0,10.0,5.0,6.397984654,7.642503129,7.642503129,2.642503129
76,Grid-Search,0,,SM-102,DSPC,10.0,20.0,10.0,1.0,7.375673402,8.620191877,8.620191877,3.620191877
77,Grid-Search,0,,SM-102,DSPC,7.0,20.0,10.0,1.0,7.173191742,8.417710217,8.417710217,3.417710217
78,Grid-Search,0,,SM-102,DSPC,4.0,20.0,10.0,1.0,7.088631347,8.333149822,8.333149822,3.333149822
79,Grid-Search,0,,SM-102,DSPC,10.0,20.0,10.0,0.2,5.165357239,6.409875714,6.409875714,1.409875714
80,Grid-Search,0,,SM-102,DSPC,7.0,20.0,10.0,0.2,5.217649463,6.462167938,6.462167938,1.462167938
81,Grid-Search,0,,SM-102,DSPC,4.0,20.0,10.0,0.2,5.257668968,6.502187443,6.502187443,1.502187443
82,Grid-Search,0,,SM-102,DSPC,10.0,80.0,1.0,5.0,5.237682328,6.482200803,6.482200803,1.482200803
83,Grid-Search,0,,SM-102,DSPC,7.0,80.0,1.0,5.0,5.260788555,6.505307029,6.505307029,1.505307029
84,Grid-Search,0,,SM-102,DSPC,4.0,80.0,1.0,5.0,5.302973178,6.547491653,6.547491653,1.547491653
85,Grid-Search,0,,SM-102,DSPC,10.0,80.0,1.0,1.0,5.014627315,6.25914579,6.25914579,1.25914579
86,Grid-Search,0,,SM-102,DSPC,7.0,80.0,1.0,1.0,5.025370638,6.269889113,6.269889113,1.269889113
87,Grid-Search,0,,SM-102,DSPC,4.0,80.0,1.0,1.0,5.048573133,6.293091608,6.293091608,1.293091608
88,Grid-Search,0,,SM-102,DSPC,10.0,80.0,1.0,0.2,5.720530332,6.965048807,6.965048807,1.965048807
89,Grid-Search,0,,SM-102,DSPC,7.0,80.0,1.0,0.2,5.093545681,6.338064156,6.338064156,1.338064156
90,Grid-Search,0,,SM-102,DSPC,4.0,80.0,1.0,0.2,5.144971918,6.389490393,6.389490393,1.389490393
91,Grid-Search,0,,SM-102,DSPC,10.0,50.0,1.0,5.0,7.613703509,8.858221984,9.053821844,4.053821844
92,Grid-Search,0,,SM-102,DSPC,7.0,50.0,1.0,5.0,7.582008419,8.826526894,9.56431589,4.56431589
93,Grid-Search,0,,SM-102,DSPC,4.0,50.0,1.0,5.0,6.597327586,7.841846061,7.841846061,2.841846061
94,Grid-Search,0,,SM-102,DSPC,10.0,50.0,1.0,1.0,6.285439279,7.529957754,7.529957754,2.529957754
95,Grid-Search,0,,SM-102,DSPC,7.0,50.0,1.0,1.0,6.514416351,7.758934825,7.758934825,2.758934825
96,Grid-Search,0,,SM-102,DSPC,4.0,50.0,1.0,1.0,6.340476875,7.58499535,7.58499535,2.58499535
97,Grid-Search,0,,SM-102,DSPC,10.0,50.0,1.0,0.2,5.469746482,6.714264957,6.714264957,1.714264957
98,Grid-Search,0,,SM-102,DSPC,7.0,50.0,1.0,0.2,5.786795127,7.031313601,7.031313601,2.031313601
99,Grid-Search,0,,SM-102,DSPC,4.0,50.0,1.0,0.2,6.14946495,7.393983425,7.393983425,2.393983425
100,Grid-Search,0,,SM-102,DSPC,10.0,20.0,1.0,5.0,6.525615996,7.770134471,7.770134471,2.770134471
101,Grid-Search,0,,SM-102,DSPC,7.0,20.0,1.0,5.0,6.656897889,7.901416364,7.901416364,2.901416364
102,Grid-Search,0,,SM-102,DSPC,4.0,20.0,1.0,5.0,5.965633787,7.210152262,7.210152262,2.210152262
103,Grid-Search,0,,SM-102,DSPC,10.0,20.0,1.0,1.0,6.115376908,7.359895383,7.359895383,2.359895383
104,Grid-Search,0,,SM-102,DSPC,7.0,20.0,1.0,1.0,6.284258531,7.528777006,7.528777006,2.528777006
105,Grid-Search,0,,SM-102,DSPC,4.0,20.0,1.0,1.0,6.247913917,7.492432392,7.492432392,2.492432392
106,Grid-Search,0,,SM-102,DSPC,10.0,20.0,1.0,0.2,5.455890754,6.700409228,6.700409228,1.700409228
107,Grid-Search,0,,SM-102,DSPC,7.0,20.0,1.0,0.2,5.326742841,6.571261316,6.571261316,1.571261316
108,Grid-Search,0,,SM-102,DSPC,4.0,20.0,1.0,0.2,5.234489704,6.479008179,6.479008179,1.479008179
109,Grid-Search,0,,SM-102,DSPC,6.590426058,73.56337875,25.39399436,3.960262704,7.557298822,9.223614288,9.223614288,4.223614288
110,Grid-Search,0,,SM-102,DSPC,6.858764172,61.20785132,28.85595517,4.903677225,9.003152187,10.66946765,10.66946765,5.669467653
111,Grid-Search,0,,SM-102,DSPC,6.592133619,65.05110938,23.27285161,3.765907478,8.369234413,10.03554988,10.03554988,5.035549879
112,Grid-Search,0,,SM-102,DSPC,6.841976404,62.06232846,25.13830369,4.525252008,8.57998018,10.24629565,10.24629565,5.246295645
113,Grid-Search,0,,SM-102,DSPC,6.406520978,67.85655003,22.05446754,3.810142612,8.194551537,9.860867002,9.860867002,4.860867002
114,Grid-Search,0,,SM-102,DSPC,6.927086229,71.01568386,19.05493098,4.443747044,8.004755157,9.671070623,9.671070623,4.671070623
115,Grid-Search,0,,SM-102,DSPC,6.631447539,72.78344333,24.10730786,4.662748981,7.512890582,9.179206048,9.179206048,4.179206048
116,Grid-Search,0,,SM-102,DSPC,6.257630672,63.34984533,28.91382197,4.274929845,8.551852234,10.2181677,10.2181677,5.2181677
117,Grid-Search,0,,SM-102,DSPC,6.086399376,61.27010584,29.77992564,4.281802344,8.502282579,10.16859804,10.16859804,5.168598045
118,Grid-Search,0,,SM-102,DSPC,6.547343345,66.21537127,25.11733166,4.875042963,10.05082939,8.17219838,8.17219838,3.17219838
119,Grid-Search,0,,SM-102,DSPC,6.236377653,68.74565974,19.84424851,4.146977174,9.609865652,7.731234642,7.731234642,2.731234642
120,Grid-Search,0,,SM-102,DSPC,6.168560445,67.58308798,17.20878256,4.412485361,10.77906045,8.900429441,8.900429441,3.900429441
121,Grid-Search,0,,SM-102,DSPC,6.62815848,63.4013328,22.57070976,4.844201064,10.80208942,8.923458411,8.923458411,3.923458411
122,Grid-Search,0,,SM-102,DSPC,6.667564198,65.27160842,29.44132268,4.669384408,10.12989245,8.251261436,8.251261436,3.251261436
123,Grid-Search,0,,SM-102,DSPC,6.163562923,70.22302147,19.54212379,4.859822392,9.821463717,7.942832707,7.942832707,2.942832707
124,Grid-Search,0,,SM-102,DSPC,6.288518041,69.24869673,18.64168955,4.288398192,10.33727013,8.458639122,8.458639122,3.458639122
125,Grid-Search,0,,SM-102,DSPC,6.062129377,71.09381012,23.80620904,3.788995683,10.01249142,8.133860413,8.133860413,3.133860413
126,Grid-Search,0,,SM-102,DSPC,6.329817556,72.06880249,29.04594126,4.07190969,10.19789695,8.319265936,8.319265936,3.319265936
127,Grid-Search,0,,SM-102,DSPC,6.002865642,62.11306344,17.04948642,4.925478792,12.10928638,10.45482421,10.45482421,5.454824209
128,Grid-Search,0,,SM-102,DSPC,6.059814738,64.16091442,16.82629003,4.993490674,10.90668966,9.252227489,9.252227489,4.252227489
129,Grid-Search,0,,SM-102,DSPC,6.022781134,63.63116838,17.20803111,4.928453438,10.56990567,8.915443506,8.915443506,3.915443506
130,Grid-Search,0,,SM-102,DSPC,6.004616328,60.88778643,16.95584753,4.924662144,11.11750969,9.463047525,9.463047525,4.463047525
131,Grid-Search,0,,SM-102,DSPC,6.007446006,63.17687616,16.79386882,4.9366875,10.6667048,9.012242634,9.012242634,4.012242634
132,Grid-Search,0,,SM-102,DSPC,6.040590018,64.73296911,17.16032936,4.956588054,10.34222624,8.68776407,8.68776407,3.68776407
133,Grid-Search,0,,SM-102,DSPC,6.009975856,61.55935296,16.67410453,4.980542981,11.25925827,9.604796103,9.604796103,4.604796103
134,Grid-Search,0,,SM-102,DSPC,6.021719694,61.50862002,17.18468345,4.947013447,11.21220318,9.557741014,9.557741014,4.557741014
135,Grid-Search,0,,SM-102,DSPC,6.024333999,60.20415395,17.08617871,4.907686202,11.36221885,9.70775668,9.70775668,4.70775668
136,i-optimal,1,,SM-102,DSPC,4.12278929966034,42.584888775729226,25.31060347102814,7.865537296600337,,,,
137,i-optimal,1,,SM-102,DSPC,3.950982883385171,31.636397119432146,23.363715086150908,9.763991605702175,,,,
138,i-optimal,1,,SM-102,DSPC,5.144023413922724,45.27257617108907,25.10082651453562,5.517151814662198,,,,
139,i-optimal,1,,SM-102,DSPC,5.122901601331399,34.55843449937902,23.817637954386363,12.434349883078886,,,,
140,i-optimal,1,,SM-102,DSPC,5.209007821610396,21.578954803409843,24.361409898185393,14.630023830745781,,,,
141,i-optimal,1,,SM-102,DSPC,3.899610172535793,32.69745164303953,24.546998757328872,12.063034674145356,,,,
142,i-optimal,1,,SM-102,DSPC,4.695648396760782,23.33129324965211,24.71400708317922,13.105915916083724,,,,
143,i-optimal,1,,SM-102,DSPC,4.108438163779138,38.812561186788095,25.075935062312713,13.719856117327126,,,,
144,i-optimal,1,,SM-102,DSPC,3.9491684562761047,23.62936668641895,23.935352918599865,13.082043117336589,,,,
145,i-optimal,1,,SM-102,DSPC,4.046362840353753,20.376358501232797,37.39654563914003,7.603268142936303,,,,
146,i-optimal,1,,SM-102,DSPC,4.946712654905248,34.049825368700866,47.82988777327937,5.504961171346936,,,,
147,i-optimal,1,,SM-102,DSPC,4.070963397055536,36.259965453414,49.49544420326395,11.704308918374618,,,,
148,NSGAII,1,,SM-102,DSPC,4.164862371358696,33.13970793269354,28.161698983605174,3.8793318704277464,,,,
149,NSGAII,1,,SM-102,DSPC,4.123099913946778,29.434849093565845,5.568378499821292,1.3954861890671906,,,,
150,NSGAII,1,,SM-102,DSPC,4.17529944395369,45.69669469333136,50.44793032217769,3.9229738425034775,,,,
151,NSGAII,1,,SM-102,DSPC,4.178369433944452,26.002442593215562,14.17447458528959,3.9549910489725324,,,,
152,NSGAII,1,,SM-102,DSPC,4.189149609289263,37.73256212703392,15.782312935463997,3.925746022365304,,,,
153,NSGAII,1,,SM-102,DSPC,4.121727481075906,35.241460539609,13.809876574803827,1.3946740744386614,,,,
154,NSGAII,1,,SM-102,DSPC,4.1768714163663025,25.1856420590124,27.278910399685895,3.8793318704277464,,,,
155,NSGAII,1,,SM-102,DSPC,4.159461505862018,37.597488747736875,23.32393026187691,3.987449905852061,,,,
156,NSGAII,1,,SM-102,DSPC,4.12004131148453,28.076445591861056,13.778338397955538,1.3901110021140368,,,,
157,NSGAII,1,,SM-102,DSPC,4.189234830567698,31.60507693440439,16.116514171733375,3.794756368300291,,,,
158,NSGAII,1,,SM-102,DSPC,4.167377821999454,37.897951204802354,28.11210227653551,3.8273278485700857,,,,
159,NSGAII,1,,SM-102,DSPC,4.156825679974244,29.26272682757241,27.646555509239487,3.938446586334163,,,,
