Formula_label,Opt_Method,Iter,Cell_Target,NP_ratio,HL_IL+HL,IL+HL,PEG_PEG+Chol
1,Grid-Search,0,N/A,4,50,20,9.090909091
2,Grid-Search,0,N/A,8,50,20,9.090909091
3,Grid-Search,0,N/A,12,50,20,9.090909091
4,Grid-Search,0,N/A,4,50,50,9.090909091
5,Grid-Search,0,N/A,8,50,50,9.090909091
6,Grid-Search,0,N/A,12,50,50,9.090909091
7,Grid-Search,0,N/A,4,50,80,9.090909091
8,Grid-Search,0,N/A,8,50,80,9.090909091
9,Grid-Search,0,N/A,12,50,80,9.090909091
10,Grid-Search,0,N/A,4,1.960784314,20,9.090909091
11,Grid-Search,0,N/A,8,1.960784314,20,9.090909091
12,Grid-Search,0,N/A,12,1.960784314,20,9.090909091
13,Grid-Search,0,N/A,4,1.960784314,50,9.090909091
14,Grid-Search,0,N/A,8,1.960784314,50,9.090909091
15,Grid-Search,0,N/A,12,1.960784314,50,9.090909091
16,Grid-Search,0,N/A,4,1.960784314,80,9.090909091
17,Grid-Search,0,N/A,8,1.960784314,80,9.090909091
18,Grid-Search,0,N/A,12,1.960784314,80,9.090909091
19,Grid-Search,0,N/A,4,0.497512438,20,9.090909091
20,Grid-Search,0,N/A,8,0.497512438,20,9.090909091
21,Grid-Search,0,N/A,12,0.497512438,20,9.090909091
22,Grid-Search,0,N/A,4,0.497512438,50,9.090909091
23,Grid-Search,0,N/A,8,0.497512438,50,9.090909091
24,Grid-Search,0,N/A,12,0.497512438,50,9.090909091
25,Grid-Search,0,N/A,4,0.497512438,80,9.090909091
26,Grid-Search,0,N/A,8,0.497512438,80,9.090909091
27,Grid-Search,0,N/A,12,0.497512438,80,9.090909091
28,Grid-Search,0,N/A,4,50,20,0.99009901
29,Grid-Search,0,N/A,8,50,20,0.99009901
30,Grid-Search,0,N/A,12,50,20,0.99009901
31,Grid-Search,0,N/A,4,50,50,0.99009901
32,Grid-Search,0,N/A,8,50,50,0.99009901
33,Grid-Search,0,N/A,12,50,50,0.99009901
34,Grid-Search,0,N/A,4,50,80,0.99009901
35,Grid-Search,0,N/A,8,50,80,0.99009901
36,Grid-Search,0,N/A,12,50,80,0.99009901
37,Grid-Search,0,N/A,4,1.960784314,20,0.99009901
38,Grid-Search,0,N/A,8,1.960784314,20,0.99009901
39,Grid-Search,0,N/A,12,1.960784314,20,0.99009901
40,Grid-Search,0,N/A,4,1.960784314,50,0.99009901
41,Grid-Search,0,N/A,8,1.960784314,50,0.99009901
42,Grid-Search,0,N/A,12,1.960784314,50,0.99009901
43,Grid-Search,0,N/A,4,1.960784314,80,0.99009901
44,Grid-Search,0,N/A,8,1.960784314,80,0.99009901
45,Grid-Search,0,N/A,12,1.960784314,80,0.99009901
46,Grid-Search,0,N/A,4,0.497512438,20,0.99009901
47,Grid-Search,0,N/A,8,0.497512438,20,0.99009901
48,Grid-Search,0,N/A,12,0.497512438,20,0.99009901
49,Grid-Search,0,N/A,4,0.497512438,50,0.99009901
50,Grid-Search,0,N/A,8,0.497512438,50,0.99009901
51,Grid-Search,0,N/A,12,0.497512438,50,0.99009901
52,Grid-Search,0,N/A,4,0.497512438,80,0.99009901
53,Grid-Search,0,N/A,8,0.497512438,80,0.99009901
54,Grid-Search,0,N/A,12,0.497512438,80,0.99009901
55,Grid-Search,0,N/A,4,50,20,0.199600798
56,Grid-Search,0,N/A,8,50,20,0.199600798
57,Grid-Search,0,N/A,12,50,20,0.199600798
58,Grid-Search,0,N/A,4,50,50,0.199600798
59,Grid-Search,0,N/A,8,50,50,0.199600798
60,Grid-Search,0,N/A,12,50,50,0.199600798
61,Grid-Search,0,N/A,4,50,80,0.199600798
62,Grid-Search,0,N/A,8,50,80,0.199600798
63,Grid-Search,0,N/A,12,50,80,0.199600798
64,Grid-Search,0,N/A,4,1.960784314,20,0.199600798
65,Grid-Search,0,N/A,8,1.960784314,20,0.199600798
66,Grid-Search,0,N/A,12,1.960784314,20,0.199600798
67,Grid-Search,0,N/A,4,1.960784314,50,0.199600798
68,Grid-Search,0,N/A,8,1.960784314,50,0.199600798
69,Grid-Search,0,N/A,12,1.960784314,50,0.199600798
70,Grid-Search,0,N/A,4,1.960784314,80,0.199600798
71,Grid-Search,0,N/A,8,1.960784314,80,0.199600798
72,Grid-Search,0,N/A,12,1.960784314,80,0.199600798
73,Grid-Search,0,N/A,4,0.497512438,20,0.199600798
74,Grid-Search,0,N/A,8,0.497512438,20,0.199600798
75,Grid-Search,0,N/A,12,0.497512438,20,0.199600798
76,Grid-Search,0,N/A,4,0.497512438,50,0.199600798
77,Grid-Search,0,N/A,8,0.497512438,50,0.199600798
78,Grid-Search,0,N/A,12,0.497512438,50,0.199600798
79,Grid-Search,0,N/A,4,0.497512438,80,0.199600798
80,Grid-Search,0,N/A,8,0.497512438,80,0.199600798
81,Grid-Search,0,N/A,12,0.497512438,80,0.199600798
82,DA,3,RAMOS,14.55038235,25.2996134,52.43899162,0.563468046
83,DA,3,RAMOS,14.36374425,25.36198042,52.43627946,0.674964405
84,DA,3,RAMOS,14.06469375,25.68148627,52.33523417,0.948894092
85,DA,3,RAMOS,14.64307683,25.07730926,52.43875176,0.781133452
86,DA,3,RAMOS,24.4656784,25.47323717,52.35656944,0.754575193
87,DA,3,RAMOS,14.64621353,25.20578167,52.28670432,0.619818945
88,DA,3,RAMOS,14.4386149,24.87592994,52.39268982,0.707055753
89,DA,3,RAMOS,14.05715377,25.06211943,52.46489199,0.784842963
90,DA,3,RAMOS,14.20716272,26.41439226,52.30003074,0.937347953
91,DA,3,RAMOS,14.30867586,26.25964694,52.4992842,0.610917812
92,DA,3,RAMOS,14.42751919,26.26602183,52.32327688,0.681087946
93,DA,3,RAMOS,14.27947163,24.13653249,52.35308608,0.567222883
94,DA,3,RAMOS,14.44304885,25.25644968,52.2994987,0.970845634
95,DA,3,RAMOS,14.42012632,25.71264881,52.35861971,0.946427962
96,DA,3,RAMOS,14.46402845,26.02862424,52.41013295,0.573677836
97,DA,3,RAMOS,14.08254199,24.70433094,52.34023356,0.582102558
98,DA,3,RAMOS,14.42303948,25.93008933,52.45580662,0.908431223
99,DA,3,RAMOS,14.61216584,26.40452934,52.48606958,0.784065874
100,DA,3,RAMOS,14.52722373,25.958439,52.36737036,0.963798744
101,DA,3,RAMOS,14.09197833,25.96310428,52.46524194,0.985651688
102,DA,3,RAMOS,14.14663641,24.00126829,52.3925561,0.759250207
103,DA,3,RAMOS,14.15053137,25.59192981,52.50583813,0.972237079
104,DA,3,RAMOS,14.60616315,25.17479758,52.51228925,0.712549284
105,DA,3,RAMOS,14.49305842,26.50911849,52.3740212,0.86350079
106,DA,3,RAMOS,14.23588264,26.14615382,52.29319091,0.908698821
107,DA,3,RAMOS,24.54352181,26.14546797,52.51900152,0.582817256
108,DA,3,RAMOS,14.50972852,25.08564743,52.33327145,0.975963898
109,DA,3,RAMOS,14.49899463,25.36650763,52.38517014,0.983098767
110,DA,3,RAMOS,14.31443411,26.26560611,52.42858991,0.891816009
111,DA,3,RAMOS,14.15111369,24.10293136,52.2825099,0.967634008
112,DA,3,RAMOS,14.35450163,25.31650183,52.4061978,0.723821144
113,DA,3,RAMOS,14.06980172,24.63756218,52.40007563,0.579772673
114,DA,3,RAMOS,14.65748966,25.6820845,52.31774364,0.876147175
115,DA,3,RAMOS,14.11000231,25.00790941,52.53025143,0.886795539
116,DA,3,RAMOS,14.45254258,25.57215078,52.45472929,0.860892649
117,DA,3,RAMOS,14.05039708,24.96377549,52.52988555,0.71119839
118,DA,3,RAMOS,14.40897091,23.85192196,52.4214424,0.74209103
119,DA,3,RAMOS,14.55734858,26.03608274,52.28833893,0.911888245
120,DA,3,RAMOS,14.46460325,25.49267961,52.36885047,0.540458315
121,DA,3,RAMOS,14.23643345,24.00630669,52.51887784,0.980210558
122,DA,3,RAMOS,14.55533679,25.22963763,52.46781702,0.832328589
123,DA,3,RAMOS,14.48986074,25.4425824,52.47415548,0.775980618
124,DA,3,RAMOS,24.74727232,25.69682826,52.38689555,0.96115225
125,DA,3,RAMOS,14.62675038,25.0389183,52.4283311,0.709108876
126,DA,3,RAMOS,14.29911638,25.23607001,52.4240839,0.699037028
127,DA,3,RAMOS,14.63740502,26.43956361,52.43966111,0.586804587
128,DA,3,RAMOS,24.29676996,26.42909035,52.46956021,0.589952208
129,DA,3,RAMOS,14.3505991,25.85332987,52.49067415,0.800557557
130,DA,3,RAMOS,14.66026487,25.34618385,52.44193004,0.558110799
131,DA,3,RAMOS,14.5736902,25.60814953,52.41973407,0.964271572
132,NSGAII,3,RAMOS,14.35822291,26.29216105,52.43623931,0.539934453
133,NSGAII,3,RAMOS,4.857269494,75.39018764,35.99836088,9.604971085
134,NSGAII,3,RAMOS,4.000007032,26.26585361,52.47084237,7.814130391
135,NSGAII,3,RAMOS,5.772291548,73.14337321,70.88151566,4.10249426
136,NSGAII,3,RAMOS,24.78240929,25.69633487,56.07689019,3.000713294
137,NSGAII,3,RAMOS,4.006952393,54.48619378,52.37488235,2.469914941
138,NSGAII,3,RAMOS,4.00009166,27.06523097,52.4719621,0.540436198
139,NSGAII,3,RAMOS,6.939277218,75.56930401,52.38988532,2.936280453
140,NSGAII,3,RAMOS,5.790544918,55.71668329,69.76366845,7.66939598
141,NSGAII,3,RAMOS,4.466618502,72.36863766,52.69554989,10.52265397
142,NSGAII,3,RAMOS,5.808384464,38.58717542,61.87946667,2.529430301
143,NSGAII,3,RAMOS,4.996358131,56.09336495,52.40123117,7.631056393
144,NSGAII,3,RAMOS,7.151936423,23.34916927,55.62675744,4.22699223
145,NSGAII,3,RAMOS,4.851788998,40.77387559,50.62369577,6.098139662
146,NSGAII,3,RAMOS,4.709202886,23.34916927,61.96256125,6.311921229
147,NSGAII,3,RAMOS,6.82628315,58.2940475,52.39235395,4.233003028
148,NSGAII,3,RAMOS,4.748933795,74.82706902,52.52706975,6.889293105
149,NSGAII,3,RAMOS,4.007601813,23.34916927,52.38832656,4.148903022
150,NSGAII,3,RAMOS,4.484298685,72.14902867,61.90215729,2.95948656
151,NSGAII,3,RAMOS,6.818773947,46.66441751,54.6476602,2.529442158
152,NSGAII,3,RAMOS,4.014019931,72.82063279,52.37831844,3.576395693
153,NSGAII,3,RAMOS,4.048043811,46.38408976,62.0524882,2.541735124
154,NSGAII,3,RAMOS,14.56152596,26.33132334,52.38042825,3.187268261
155,NSGAII,3,RAMOS,24.62797804,26.59252209,55.14202393,0.539572265
156,NSGAII,3,RAMOS,4.464319449,58.47652966,52.4603137,4.274326785
157,NSGAII,3,RAMOS,4.043561063,75.13931146,69.05893243,4.354433591
158,NSGAII,3,RAMOS,4.045830693,46.83730679,52.77456762,6.278305505
159,NSGAII,3,RAMOS,4.500202706,33.36334052,62.045801,2.496370363
160,NSGAII,3,RAMOS,5.038071614,33.90309012,52.54886248,6.329812451
161,NSGAII,3,RAMOS,5.806968171,72.09825743,52.38279854,4.212329711
162,NSGAII,3,RAMOS,6.872061424,54.42482611,52.63523798,2.518431221
163,NSGAII,3,RAMOS,5.779083061,73.13979274,62.08296154,4.348773815
164,NSGAII,3,RAMOS,4.475305043,23.34930541,51.75177389,6.108360844
165,NSGAII,3,RAMOS,5.808384464,45.91610377,61.87946667,2.525898284
166,NSGAII,3,RAMOS,6.818773947,26.3171337,54.6476602,2.574042894
167,NSGAII,3,RAMOS,4.01239791,26.50766144,52.40025834,2.559780846
168,NSGAII,3,RAMOS,5.779760017,58.42719035,52.75889754,2.941595196
169,NSGAII,3,RAMOS,4.738578707,75.40173158,52.63069951,9.186561443
170,NSGAII,3,RAMOS,5.792295459,72.35427547,52.56728583,2.631139068
171,NSGAII,3,RAMOS,4.01534415,59.97757841,52.52669847,2.817525166
172,NSGAII,3,RAMOS,5.808384464,73.33706044,62.05555241,2.56359228
173,NSGAII,3,RAMOS,4.000010007,36.46092096,51.05479062,5.918150474
174,NSGAII,3,RAMOS,4.500202706,39.67446667,62.045801,2.515836095
175,NSGAII,3,RAMOS,4.469439929,74.60358157,61.90312861,4.217671959
176,NSGAII,3,RAMOS,6.875905666,74.90579832,52.65786724,4.303855227
177,NSGAII,3,RAMOS,4.465041758,75.51842092,52.60807035,2.56156141
178,NSGAII,3,RAMOS,4.754030455,23.51629236,52.71956452,7.304791775
179,NSGAII,3,RAMOS,4.984330094,72.32619127,52.33562283,7.880499378
180,NSGAII,3,RAMOS,5.797398975,74.45562869,67.56239257,4.284880251
181,NSGAII,3,RAMOS,5.778153459,54.17717396,52.3554689,2.528344627
182,DA,3,THP1,21.41164902,9.111128494,65.97007772,0.418858552
183,DA,3,THP1,21.40296212,1.022686134,66.01742633,0.199930592
184,DA,3,THP1,25.43545933,1.904355611,65.10566303,0.201527483
185,DA,3,THP1,25.41679971,1.018500173,65.27781417,0.201162419
186,DA,3,THP1,25.48710674,6.972446519,66.59798893,0.420065808
187,DA,3,THP1,25.32485954,1.87131012,65.13519015,0.199902554
188,DA,3,THP1,25.31734337,1.031216039,65.22476171,0.201553247
189,DA,3,THP1,21.4040067,5.636053029,65.6070695,0.422846299
190,DA,3,THP1,25.43795963,8.180838299,66.5693376,0.425077778
191,DA,3,THP1,25.42828295,7.411593596,66.20370304,0.421992265
192,DA,3,THP1,25.42363869,1.016942888,65.3292296,0.201129855
193,DA,3,THP1,25.4743186,1.016756028,65.51671998,0.200091018
194,DA,3,THP1,25.47832873,1.026957065,65.10179563,0.200632186
195,DA,3,THP1,24.69264904,1.022355956,65.8681247,0.200834796
196,DA,3,THP1,21.38617469,9.85114751,66.05280983,0.424905953
197,DA,3,THP1,25.33544533,6.484762873,65.82986703,0.420646391
198,DA,3,THP1,25.28092808,8.204370146,65.42890347,0.418637365
199,DA,3,THP1,25.3388323,8.181843863,65.7502985,0.421186968
200,DA,3,THP1,25.54105283,1.032810388,65.67405584,0.270837827
201,DA,3,THP1,25.56257961,2.086827216,65.39026438,0.20058295
202,DA,3,THP1,25.28190106,8.075668328,65.91588268,0.419702683
203,DA,3,THP1,25.30314455,1.706483448,65.30082573,0.200304878
204,DA,3,THP1,21.41985721,1.020731789,65.77720089,0.200581402
205,DA,3,THP1,21.39648697,6.385462324,66.49129735,0.42532281
206,DA,3,THP1,21.40387566,1.07251317,64.9823741,0.201301213
207,DA,3,THP1,25.35059129,9.386548845,66.5475551,0.423538901
208,DA,3,THP1,21.40023645,1.054607486,65.43487261,0.199713927
209,DA,3,THP1,25.50088248,8.785132293,65.85530162,0.4231698
210,DA,3,THP1,21.39289341,6.960502378,65.37320517,0.42434934
211,DA,3,THP1,25.32314991,5.854158378,66.05214729,0.423790057
212,DA,3,THP1,25.44928905,9.70444666,65.75826813,0.420343019
213,DA,3,THP1,21.41284925,8.913500615,65.34793205,0.419506891
214,DA,3,THP1,21.51737226,1.031593907,65.48984032,0.199852881
215,DA,3,THP1,25.30303215,1.63955726,65.1461795,0.200995129
216,DA,3,THP1,21.39206885,7.820057568,66.45839208,0.4170008
217,DA,3,THP1,25.44844897,8.381597718,65.05569233,0.200544566
218,DA,3,THP1,23.0658486,1.008246743,65.17031911,0.200680936
219,DA,3,THP1,21.42279298,5.71688145,66.00442972,0.418043134
220,DA,3,THP1,21.40624431,1.013714996,65.43082811,0.201583092
221,DA,3,THP1,21.41955477,9.162252219,65.57860006,0.424985591
222,DA,3,THP1,25.50058848,1.044673411,65.57257749,0.421851708
223,DA,3,THP1,21.38946153,5.616357051,65.99071981,0.201124765
224,DA,3,THP1,25.28198128,5.964796507,65.50771488,0.423945385
225,DA,3,THP1,25.43253708,9.454930272,66.06969554,0.421043255
226,DA,3,THP1,21.42188678,5.875345685,66.52758513,0.423133998
227,DA,3,THP1,25.56474955,5.608414711,66.67425582,0.209286161
228,DA,3,THP1,25.53362396,6.264402838,65.93475169,0.20065911
229,DA,3,THP1,25.47724095,1.025192846,65.0564676,0.20020301
230,DA,3,THP1,21.40501079,1.032691062,65.82788109,0.201081616
231,DA,3,THP1,25.50557502,1.014385032,65.01388532,0.200752197
232,NSGAII,3,THP1,21.39601339,1.004391652,65.43933502,0.199601503
233,NSGAII,3,THP1,5.42004124,1.017796323,91.18978103,0.206968808
234,NSGAII,3,THP1,12.18431795,1.004977658,75.56327392,0.201930111
235,NSGAII,3,THP1,7.007140285,1.027363655,76.37098343,0.206893114
236,NSGAII,3,THP1,23.2927501,1.008853681,75.6483941,0.199603116
237,NSGAII,3,THP1,5.765537539,1.002944976,83.2929885,0.206968808
238,NSGAII,3,THP1,21.38675809,1.00272519,75.570009,0.199973666
239,NSGAII,3,THP1,5.854610668,1.012775263,76.2036239,0.207232743
240,NSGAII,3,THP1,22.40096706,1.003938184,75.62157499,0.199601527
241,NSGAII,3,THP1,22.03168449,1.017666242,63.85289477,0.199637589
242,NSGAII,3,THP1,5.765537539,1.002944976,92.86289916,0.206968808
243,NSGAII,3,THP1,21.89063105,1.025898204,75.66126672,0.199600841
244,NSGAII,3,THP1,21.41333468,1.014326454,63.90801895,0.199605153
245,NSGAII,3,THP1,22.84905384,1.01384513,75.58461594,0.199612776
246,NSGAII,3,THP1,22.14529348,1.008005931,75.494118,0.199839996
247,NSGAII,3,THP1,5.690530088,1.005398183,92.08885545,0.207345806
248,NSGAII,3,THP1,22.62470001,1.000113009,75.57478995,0.199602082
249,NSGAII,3,THP1,23.07419473,1.029804086,75.61543261,0.199610983
250,NSGAII,3,THP1,21.41769563,1.001499918,65.85745262,0.201880979
251,NSGAII,3,THP1,22.02067767,1.014328857,75.64221441,0.208787102
252,NSGAII,3,THP1,22.26053981,1.010104978,75.66668305,0.199608473
253,NSGAII,3,THP1,23.19061126,1.004841656,75.4614635,0.199600945
254,NSGAII,3,THP1,21.96818112,1.006204274,64.15617152,0.201983636
255,NSGAII,3,THP1,22.51595152,1.008419721,75.46109838,0.199601185
256,NSGAII,3,THP1,22.96054048,1.003812837,75.66566934,0.199714308
257,NSGAII,3,THP1,22.7368816,1.004305207,75.57429115,0.199707953
258,NSGAII,3,THP1,5.765537539,1.002944976,92.28548877,0.206968808
259,NSGAII,3,THP1,21.95468734,1.028144239,75.47822028,0.199609066
260,NSGAII,3,THP1,21.41773985,1.006035235,64.15617152,0.201983636
261,NSGAII,3,THP1,22.06711387,1.004841656,75.45965937,0.199600982
262,NSGAII,3,THP1,22.55817008,1.010504085,75.67292064,0.199602015
263,NSGAII,3,THP1,22.47253271,1.007576364,75.6480222,0.1996857
264,NSGAII,3,THP1,23.15026183,1.020258419,75.65030118,0.19988679
265,NSGAII,3,THP1,22.09894143,1.006616692,75.66496754,0.200171025
266,NSGAII,3,THP1,23.02046741,1.004971506,75.47671381,0.19960992
267,NSGAII,3,THP1,22.93135806,1.003850272,75.4690276,0.200027429
268,NSGAII,3,THP1,22.2127098,1.026181953,75.46595629,0.199603795
269,NSGAII,3,THP1,22.18633928,1.003563645,75.6555307,0.199620539
270,NSGAII,3,THP1,22.79061206,1.004583014,75.46751878,0.199621564
271,NSGAII,3,THP1,22.79183277,1.002774323,75.67430191,0.199614864
272,NSGAII,3,THP1,23.2515292,1.01918826,75.49812112,0.199712425
273,NSGAII,3,THP1,12.13091856,1.009797353,75.65825408,0.199602438
274,NSGAII,3,THP1,21.96254795,1.007784899,75.66536223,0.201955138
275,NSGAII,3,THP1,22.67982157,1.015201127,75.6383524,0.199600853
276,NSGAII,3,THP1,21.90082671,1.026109603,75.47223891,0.199608305
277,NSGAII,3,THP1,23.02365352,1.008815823,75.66254338,0.199616705
278,NSGAII,3,THP1,22.90768328,1.005763709,75.67128151,0.199616938
279,NSGAII,3,THP1,22.00959526,1.015497029,64.00484132,0.199600871
280,NSGAII,3,THP1,22.56567705,1.010692247,75.50680383,0.19960092
281,NSGAII,3,THP1,22.46295192,1.006568186,75.48777943,0.19995092
282,DA,Top,RAMOS,25.0564263,26.5947822,52.70352078,1.090118105
283,NSGAII,Top,RAMOS,4.996358131,56.09336495,52.40123117,7.631056393
284,DA,Top,THP1,21.41164902,9.111128494,65.97007772,0.418858552
285,NSGAII,Top,THP1,12.18431795,1.004977658,75.56327392,0.201930111
