Formula_label,Iter,Opt_Method,Cell_Target,Ionizable_Lipid,Helper_lipid,NP_ratio,IL+HL,HL_IL+HL,PEG_PEG+Chol,RLU_INS,RLU_RAW,RLU_HEPG2,RLU_KELLY,selectivity,weighted_selectivity,NORM_RLU_INS,NORM_RLU_HEPG2,on_target,off_target,LnRLU_HEPG2
0,0,CONTROL,N/A,SM-102,DSPC,6,60,16.66666667,3.75,11.42918365,13.62969168,13.19813878,11.57366769,0.457397286,5.032858153,11.23318463,13.09946474,11.0032532,13.05297436,8.052974355
1,0,N/A,N/A,SM-102,DSPC,10,80,50,5,9.889581429,8.140696784,13.32956263,12.37100915,0.422848685,4.098918571,9.693582408,13.23088859,9.693582408,13.23088859,8.230888588
2,0,N/A,N/A,SM-102,DSPC,7,80,50,5,10.29959959,8.113820775,13.44752003,11.95115219,0.43081222,4.352754592,10.10360057,13.34884599,10.10360057,13.34884599,8.348845988
3,0,N/A,N/A,SM-102,DSPC,4,80,50,5,8.336913118,7.724179277,12.23106804,10.20279456,0.401558249,3.269051209,8.140914097,12.132394,8.140914097,12.132394,7.132393998
4,0,N/A,N/A,SM-102,DSPC,10,80,50,1,9.502100872,8.098143853,13.48944745,12.11826482,0.410016874,3.815658793,9.306101851,13.39077341,9.306101851,13.39077341,8.390773408
5,0,N/A,N/A,SM-102,DSPC,7,80,50,1,10.11909346,7.814197709,13.6291207,12.06012652,0.423095787,4.198419455,9.923094439,13.53044666,9.923094439,13.53044666,8.530446658
6,0,N/A,N/A,SM-102,DSPC,4,80,50,1,8.403623037,7.704043183,11.68222141,10.10283273,0.414711381,3.40379509,8.207624016,11.58354737,8.207624016,11.58354737,6.583547368
7,0,N/A,N/A,SM-102,DSPC,10,80,50,0.2,8.951920063,7.559971981,12.60549666,11.80092582,0.411796388,3.60565666,8.755921042,12.50682262,8.755921042,12.50682262,7.506822618
8,0,N/A,N/A,SM-102,DSPC,7,80,50,0.2,9.460084807,7.764842714,13.06346022,11.70874403,0.41675915,3.860892518,9.264085786,12.96478618,9.264085786,12.96478618,7.964786178
9,0,N/A,N/A,SM-102,DSPC,4,80,50,0.2,8.460079104,7.729295568,10.06951819,9.172150256,0.453200681,3.745286723,8.264080083,9.970844148,8.264080083,9.970844148,4.970844148
10,0,N/A,N/A,SM-102,DSPC,10,50,50,5,10.15984774,10.77048764,12.06626889,10.6899826,0.454317961,4.526755432,9.963848719,11.96759485,9.963848719,11.96759485,6.967594848
11,0,N/A,N/A,SM-102,DSPC,7,50,50,5,10.33627003,10.87639106,12.67595602,11.70290825,0.44636282,4.52623996,10.14027101,12.57728198,10.14027101,12.57728198,7.577281978
12,0,N/A,N/A,SM-102,DSPC,4,50,50,5,9.709277914,11.00467494,11.90585384,10.22056207,0.446204232,4.244865301,9.513278893,11.8071798,9.513278893,11.8071798,6.807179798
13,0,N/A,N/A,SM-102,DSPC,10,50,50,1,6.935384008,10.79948784,12.68921812,11.56842083,0.34865027,2.349688395,6.739384987,12.59054408,6.739384987,12.59054408,7.590544078
14,0,N/A,N/A,SM-102,DSPC,7,50,50,1,6.905042738,8.584268443,14.22219208,12.36189436,0.322046026,2.160620865,6.709043717,14.12351804,6.709043717,14.12351804,9.123518038
15,0,N/A,N/A,SM-102,DSPC,4,50,50,1,7.87998829,8.954100665,12.80313146,10.9276026,0.376879582,2.895938665,7.683989269,12.70445742,7.683989269,12.70445742,7.704457418
16,0,N/A,N/A,SM-102,DSPC,10,50,50,0.2,6.898220482,8.156406708,11.94420945,11.24222559,0.361349435,2.421843936,6.702221461,11.84553541,6.702221461,11.84553541,6.845535408
17,0,N/A,N/A,SM-102,DSPC,7,50,50,0.2,7.578778911,9.291716274,11.70418703,10.44393877,0.388806932,2.870475995,7.38277989,11.60551299,7.38277989,11.60551299,6.605512988
18,0,N/A,N/A,SM-102,DSPC,4,50,50,0.2,8.608148524,9.41098401,10.92513319,9.106303691,0.437253528,3.678242046,8.412149503,10.82645915,8.412149503,10.82645915,5.826459148
19,0,N/A,N/A,SM-102,DSPC,10,20,50,5,11.80848851,8.122468627,13.06846483,12.23278207,0.472392689,5.485655139,11.61248949,12.96979079,11.61248949,12.96979079,7.969790788
20,0,N/A,N/A,SM-102,DSPC,7,20,50,5,11.76905345,8.221011435,13.27061631,12.3832226,0.467692705,5.412633125,11.57305443,13.17194227,11.57305443,13.17194227,8.171942268
21,0,N/A,N/A,SM-102,DSPC,4,20,50,5,12.47351584,8.307721305,13.05213332,11.99808723,0.486604909,5.97429995,12.27751682,12.95345928,12.27751682,12.95345928,7.953459278
22,0,N/A,N/A,SM-102,DSPC,10,20,50,1,10.49469339,8.06727444,15.95756795,14.19910819,0.393717275,4.05477388,10.29869437,15.85889391,10.29869437,15.85889391,10.85889391
23,0,N/A,N/A,SM-102,DSPC,7,20,50,1,12.25409669,9.021754537,15.51810944,13.74331022,0.438834798,5.291512853,12.05809767,15.4194354,12.05809767,15.4194354,10.4194354
24,0,N/A,N/A,SM-102,DSPC,4,20,50,1,12.97876913,9.740402635,14.61357815,12.60216509,0.468273231,5.985829062,12.78277011,14.51490411,12.78277011,14.51490411,9.514904108
25,0,N/A,N/A,SM-102,DSPC,10,20,50,0.2,9.447099445,9.427251492,15.80670354,13.83083466,0.370649957,3.428919971,9.251100424,15.7080295,9.251100424,15.7080295,10.7080295
26,0,N/A,N/A,SM-102,DSPC,7,20,50,0.2,9.124350857,8.26689931,15.20785057,12.84488111,0.371433855,3.316292145,8.928351836,15.10917653,8.928351836,15.10917653,10.10917653
27,0,N/A,N/A,SM-102,DSPC,4,20,50,0.2,9.154686463,8.005164929,14.44111655,11.89514426,0.384474378,3.444385781,8.958687442,14.34244251,8.958687442,14.34244251,9.342442508
28,0,N/A,N/A,SM-102,DSPC,10,80,30,5,7.695030488,8.035421669,11.46941544,12.26467175,0.397409737,2.980188121,7.499031467,11.3707414,7.499031467,11.3707414,6.370741398
29,0,N/A,N/A,SM-102,DSPC,7,80,30,5,8.29838202,7.54251034,11.40416415,12.00387955,0.417479183,3.382576231,8.102382999,11.30549011,8.102382999,11.30549011,6.305490108
30,0,N/A,N/A,SM-102,DSPC,4,80,30,5,7.566712912,7.589348036,11.6357208,12.34948896,0.389824794,2.87328702,7.370713891,11.53704676,7.370713891,11.53704676,6.537046758
31,0,N/A,N/A,SM-102,DSPC,10,80,30,1,7.494232349,7.816645169,12.01355765,13.36606127,0.379856811,2.772283637,7.298233328,11.91488361,7.298233328,11.91488361,6.914883608
32,0,N/A,N/A,SM-102,DSPC,7,80,30,1,8.136785215,7.876162603,11.99599651,13.23706264,0.400279398,3.178533118,7.940786194,11.89732247,7.940786194,11.89732247,6.897322468
33,0,N/A,N/A,SM-102,DSPC,4,80,30,1,7.632492513,7.47723526,11.40698533,12.48805365,0.39672291,2.950227335,7.436493492,11.30831129,7.436493492,11.30831129,6.308311288
34,0,N/A,N/A,SM-102,DSPC,10,80,30,0.2,7.564817294,8.326790362,10.65239822,12.49590329,0.411148044,3.02967522,7.368818273,10.55372418,7.368818273,10.55372418,5.553724178
35,0,N/A,N/A,SM-102,DSPC,7,80,30,0.2,7.927199273,8.234888317,10.73960929,12.27989107,0.420811193,3.253375599,7.731200252,10.64093525,7.731200252,10.64093525,5.640935248
36,0,N/A,N/A,SM-102,DSPC,4,80,30,0.2,7.972488434,8.03601927,10.61974534,11.47997371,0.425001427,3.305019097,7.776489413,10.5210713,7.776489413,10.5210713,5.521071298
37,0,N/A,N/A,SM-102,DSPC,10,50,30,5,10.72630596,10.816408,13.58704393,13.33521532,0.438421609,4.616714111,10.53030694,13.48836989,10.53030694,13.48836989,8.488369888
38,0,N/A,N/A,SM-102,DSPC,7,50,30,5,10.59587576,9.80093594,13.88807926,13.57355205,0.42993739,4.471295856,10.39987674,13.78940522,10.39987674,13.78940522,8.789405218
39,0,N/A,N/A,SM-102,DSPC,4,50,30,5,10.51165831,9.269840017,13.66339148,13.57954394,0.431972217,4.456078218,10.31565929,13.56471744,10.31565929,13.56471744,8.564717438
40,0,N/A,N/A,SM-102,DSPC,10,50,30,1,8.821469722,10.14752217,15.82362763,14.87733231,0.354222604,3.055336693,8.625470701,15.72495359,8.625470701,15.72495359,10.72495359
41,0,N/A,N/A,SM-102,DSPC,7,50,30,1,9.075985662,9.871583394,15.8725921,14.68552535,0.36018581,3.198445183,8.879986641,15.77391806,8.879986641,15.77391806,10.77391806
42,0,N/A,N/A,SM-102,DSPC,4,50,30,1,9.894164764,8.930550695,14.9603498,14.21120603,0.394879004,3.829602026,9.698165743,14.86167576,9.698165743,14.86167576,9.861675758
43,0,N/A,N/A,SM-102,DSPC,10,50,30,0.2,8.894597094,10.14472873,11.931587,12.50737641,0.423670623,3.685340466,8.698598073,11.83291296,8.698598073,11.83291296,6.832912958
44,0,N/A,N/A,SM-102,DSPC,7,50,30,0.2,9.207627831,9.726018397,11.73403413,12.11494776,0.436462133,3.93323473,9.01162881,11.63536009,9.01162881,11.63536009,6.635360088
45,0,N/A,N/A,SM-102,DSPC,4,50,30,0.2,9.871778626,9.214168627,10.7589791,11.13605479,0.475793633,4.603674331,9.675779605,10.66030506,9.675779605,10.66030506,5.660305058
46,0,N/A,N/A,SM-102,DSPC,10,20,30,5,12.58590099,8.724589979,13.35886848,12.88023314,0.483035298,5.984759993,12.38990197,13.26019444,12.38990197,13.26019444,8.260194438
47,0,N/A,N/A,SM-102,DSPC,7,20,30,5,12.27839167,8.546264372,13.52795158,12.70815477,0.473602573,5.72225225,12.08239265,13.42927754,12.08239265,13.42927754,8.429277538
48,0,N/A,N/A,SM-102,DSPC,4,20,30,5,12.21591632,9.180530683,13.35386474,12.42821122,0.47556344,5.716233216,12.0199173,13.2551907,12.0199173,13.2551907,8.255190698
49,0,N/A,N/A,SM-102,DSPC,10,20,30,1,14.37107201,11.50326359,15.96022797,14.67395139,0.475208038,6.845373889,14.17507299,15.86155393,14.40500442,15.90804431,10.90804431
50,0,N/A,N/A,SM-102,DSPC,7,20,30,1,14.03920939,10.05333751,16.24854571,14.66865242,0.461546778,6.389289139,13.84321037,16.14987167,13.84321037,16.14987167,11.14987167
51,0,N/A,N/A,SM-102,DSPC,4,20,30,1,13.44601543,8.950926439,15.94191809,14.59954672,0.455432502,6.034488128,13.25001641,15.84324405,13.25001641,15.84324405,10.84324405
52,0,N/A,N/A,SM-102,DSPC,10,20,30,0.2,11.20774091,9.213353813,16.47137572,15.5637553,0.402116693,4.428005233,11.01174189,16.37270168,11.01174189,16.37270168,11.37270168
53,0,N/A,N/A,SM-102,DSPC,7,20,30,0.2,12.52012391,8.869332777,15.33090955,15.52989421,0.447233405,5.511760337,12.32412489,15.23223551,12.32412489,15.23223551,10.23223551
54,0,N/A,N/A,SM-102,DSPC,4,20,30,0.2,11.87811819,8.499322169,16.18627814,14.9063365,0.420678271,4.914413693,11.68211917,16.0876041,11.68211917,16.0876041,11.0876041
55,0,N/A,N/A,SM-102,DSPC,10,80,10,5,7.718510179,9.251532296,11.00243205,11.54274735,0.408249282,3.071059779,7.522511158,10.90375801,7.522511158,10.90375801,5.903758008
56,0,N/A,N/A,SM-102,DSPC,7,80,10,5,7.56962701,8.528846561,10.46759713,11.00450761,0.415590067,3.064406549,7.373627989,10.36892309,7.373627989,10.36892309,5.368923088
57,0,N/A,N/A,SM-102,DSPC,4,80,10,5,6.579925761,7.497620013,9.864203308,10.33768355,0.395302897,2.523584733,6.38392674,9.765529266,6.38392674,9.765529266,4.765529266
58,0,N/A,N/A,SM-102,DSPC,10,80,10,1,8.440317136,9.267924665,12.21409535,13.31956641,0.404932398,3.338391507,8.244318115,12.11542131,8.244318115,12.11542131,7.115421308
59,0,N/A,N/A,SM-102,DSPC,7,80,10,1,7.867426745,8.697034998,12.01414261,13.1574055,0.391661221,3.004600752,7.671427724,11.91546857,7.671427724,11.91546857,6.915468568
60,0,N/A,N/A,SM-102,DSPC,4,80,10,1,7.290452479,8.485370718,10.33406574,11.44650445,0.409377775,2.904311574,7.094453458,10.2353917,7.094453458,10.2353917,5.235391698
61,0,N/A,N/A,SM-102,DSPC,10,80,10,0.2,8.819786295,10.69596184,10.5014758,11.15527446,0.453249253,3.908725143,8.623787274,10.40280176,8.623787274,10.40280176,5.402801758
62,0,N/A,N/A,SM-102,DSPC,7,80,10,0.2,8.506749276,9.171715244,10.11877548,9.065076478,0.45337502,3.767886564,8.310750255,10.02010144,8.310750255,10.02010144,5.020101438
63,0,N/A,N/A,SM-102,DSPC,4,80,10,0.2,8.26928465,7.816326275,10.99528959,12.67891822,0.425583958,3.435860853,8.073285629,10.89661555,8.073285629,10.89661555,5.896615548
64,0,N/A,N/A,SM-102,DSPC,10,50,10,5,11.73830211,9.054000738,14.18035184,13.83893321,0.450449255,5.199221822,11.54230309,14.0816778,11.54230309,14.0816778,9.081677798
65,0,N/A,N/A,SM-102,DSPC,7,50,10,5,11.35986567,8.659225178,14.24176467,13.7557305,0.441138242,4.92480851,11.16386665,14.14309063,11.16386665,14.14309063,9.143090628
66,0,N/A,N/A,SM-102,DSPC,4,50,10,5,10.59677612,8.331183734,14.18952545,13.80187641,0.42466662,4.416862857,10.4007771,14.09085141,10.4007771,14.09085141,9.090851408
67,0,N/A,N/A,SM-102,DSPC,10,50,10,1,10.9989861,10.15831198,16.1264774,15.45070584,0.402633948,4.349649337,10.80298708,16.02780336,10.80298708,16.02780336,11.02780336
68,0,N/A,N/A,SM-102,DSPC,7,50,10,1,10.93573086,9.750595774,15.64155873,15.24474774,0.408624911,4.388521967,10.73973184,15.54288469,10.73973184,15.54288469,10.54288469
69,0,N/A,N/A,SM-102,DSPC,4,50,10,1,11.34329558,8.850726022,15.29272072,14.86224234,0.423186337,4.717383599,11.14729656,15.19404668,11.14729656,15.19404668,10.19404668
70,0,N/A,N/A,SM-102,DSPC,10,50,10,0.2,11.11917394,10.17644182,15.98034364,15.42164681,0.40750749,4.451275598,10.92317492,15.8816696,10.92317492,15.8816696,10.8816696
71,0,N/A,N/A,SM-102,DSPC,7,50,10,0.2,10.9785131,9.888324706,15.87002835,14.84204325,0.406061894,4.378368084,10.78251408,15.77135431,10.78251408,15.77135431,10.77135431
72,0,N/A,N/A,SM-102,DSPC,4,50,10,0.2,11.24199522,10.24133785,15.60466265,14.60085376,0.416013954,4.59528856,11.0459962,15.50598861,11.0459962,15.50598861,10.50598861
73,0,N/A,N/A,SM-102,DSPC,10,20,10,5,13.28763016,10.17201569,12.90286379,12.76060757,0.505549957,6.618473561,13.09163114,12.80418975,13.09163114,12.80418975,7.804189748
74,0,N/A,N/A,SM-102,DSPC,7,20,10,5,12.78675823,9.486000996,13.44189035,12.99245257,0.485492832,6.11272334,12.59075921,13.34321631,12.59075921,13.34321631,8.343216308
75,0,N/A,N/A,SM-102,DSPC,4,20,10,5,12.46220063,9.189242152,13.73779645,13.01112054,0.473501185,5.808060992,12.26620161,13.63912241,12.26620161,13.63912241,8.639122408
76,0,N/A,N/A,SM-102,DSPC,10,20,10,1,13.89566927,10.89671937,14.92723988,14.12092008,0.480214417,6.578779156,13.69967025,14.82856584,13.69967025,14.82856584,9.828565838
77,0,N/A,N/A,SM-102,DSPC,7,20,10,1,13.75534226,10.3061644,14.8664366,14.0993329,0.478670265,6.490454421,13.55934324,14.76776256,13.55934324,14.76776256,9.767762558
78,0,N/A,N/A,SM-102,DSPC,4,20,10,1,13.03885574,8.967774009,14.41256938,14.0073033,0.472915785,6.073589668,12.84285672,14.31389534,12.84285672,14.31389534,9.313895338
79,0,N/A,N/A,SM-102,DSPC,10,20,10,0.2,11.85902915,10.57771601,16.4276495,15.48610291,0.416655752,4.859468585,11.66303013,16.32897546,11.66303013,16.32897546,11.32897546
80,0,N/A,N/A,SM-102,DSPC,7,20,10,0.2,11.8954018,10.25339914,14.32359959,15.82189104,0.451290488,5.279829188,11.69940278,14.22492555,11.69940278,14.22492555,9.224925548
81,0,N/A,N/A,SM-102,DSPC,4,20,10,0.2,12.36904789,8.980732144,16.17630977,15.29423141,0.430893943,5.245293021,12.17304887,16.07763573,12.17304887,16.07763573,11.07763573
82,0,N/A,N/A,SM-102,DSPC,10,80,1,5,10.10570312,8.55514017,11.27974693,10.58150476,0.469859603,4.656169632,9.909704099,11.18107289,9.909704099,11.18107289,6.181072888
83,0,N/A,N/A,SM-102,DSPC,7,80,1,5,9.12820166,7.791133856,10.63600205,10.24066905,0.458778529,4.097902791,8.932202639,10.53732801,8.932202639,10.53732801,5.537328008
84,0,N/A,N/A,SM-102,DSPC,4,80,1,5,8.12548566,7.182815122,9.688187131,9.616643033,0.452622111,3.589060981,7.929486639,9.589513089,7.929486639,9.589513089,4.589513089
85,0,N/A,N/A,SM-102,DSPC,10,80,1,1,10.50641841,10.61510786,12.41255562,13.36790848,0.455723225,4.69869757,10.31041939,12.31388158,10.31041939,12.31388158,7.313881578
86,0,N/A,N/A,SM-102,DSPC,7,80,1,1,9.568763329,8.609787237,12.39459976,12.65263591,0.432548728,4.054177279,9.372764308,12.29592572,9.372764308,12.29592572,7.295925718
87,0,N/A,N/A,SM-102,DSPC,4,80,1,1,8.728485094,7.754717754,11.46149445,11.55056752,0.428869295,3.65932129,8.532486073,11.36282041,8.532486073,11.36282041,6.362820408
88,0,N/A,N/A,SM-102,DSPC,10,80,1,0.2,10.55871268,9.731671679,12.2496076,13.08224563,0.460285868,4.769810655,10.36271366,12.15093356,10.36271366,12.15093356,7.150933558
89,0,N/A,N/A,SM-102,DSPC,7,80,1,0.2,10.19587535,9.004082826,12.06362872,12.48071827,0.45526762,4.552619893,9.999876329,11.96495468,9.999876329,11.96495468,6.964954678
90,0,N/A,N/A,SM-102,DSPC,4,80,1,0.2,9.516032331,7.798520377,10.94836259,11.29262385,0.462080408,4.306604796,9.32003331,10.84968855,9.32003331,10.84968855,5.849688548
91,0,N/A,N/A,SM-102,DSPC,10,50,1,5,11.26340098,8.782914696,12.98571866,12.08629948,0.462018687,5.113346523,11.06740196,12.88704462,11.06740196,12.88704462,7.887044618
92,0,N/A,N/A,SM-102,DSPC,7,50,1,5,11.14047382,8.516676876,12.73440423,12.25018513,0.464138238,5.079749251,10.9444748,12.63573019,10.9444748,12.63573019,7.635730188
93,0,N/A,N/A,SM-102,DSPC,4,50,1,5,10.87979758,8.100787132,12.57867528,12.05190328,0.461228238,4.927669581,10.68379856,12.48000124,10.68379856,12.48000124,7.480001238
94,0,N/A,N/A,SM-102,DSPC,10,50,1,1,12.74546049,11.55740229,14.79483076,14.1315414,0.460604762,5.780341708,12.54946147,14.69615672,12.54946147,14.69615672,9.696156718
95,0,N/A,N/A,SM-102,DSPC,7,50,1,1,12.17250383,10.44504819,14.81306288,14.33151942,0.448711271,5.373992693,11.97650481,14.71438884,11.97650481,14.71438884,9.714388838
96,0,N/A,N/A,SM-102,DSPC,4,50,1,1,11.50707926,9.290134669,10.02649631,8.961057402,0.532564253,6.023876993,11.31108024,9.927822268,11.31108024,9.927822268,4.927822268
97,0,N/A,N/A,SM-102,DSPC,10,50,1,0.2,13.33850119,11.79455423,15.36358491,15.23725373,0.462643401,6.080291895,13.14250217,15.26491087,13.14250217,15.26491087,10.26491087
98,0,N/A,N/A,SM-102,DSPC,7,50,1,0.2,13.0120147,11.04375567,15.22780017,15.27378255,0.458613371,5.877596149,12.81601568,15.12912613,12.81601568,15.12912613,10.12912613
99,0,N/A,N/A,SM-102,DSPC,4,50,1,0.2,12.42505857,9.78547513,15.02805655,14.93413778,0.450285754,5.506571295,12.22905955,14.92938251,12.22905955,14.92938251,9.929382508
100,0,N/A,N/A,SM-102,DSPC,10,20,1,5,12.20786259,9.338269443,12.97604386,13.04929325,0.482612838,5.797079571,12.01186357,12.87736982,12.01186357,12.87736982,7.877369818
101,0,N/A,N/A,SM-102,DSPC,7,20,1,5,12.01248219,9.248820447,12.49024965,12.86207958,0.48812188,5.767883983,11.81648317,12.39157561,11.81648317,12.39157561,7.391575608
102,0,N/A,N/A,SM-102,DSPC,4,20,1,5,11.66183333,9.042119656,12.72036187,13.05190035,0.476007214,5.457819847,11.46583431,12.62168783,11.46583431,12.62168783,7.621687828
103,0,N/A,N/A,SM-102,DSPC,10,20,1,1,13.33073642,10.08901974,12.47956706,12.19907851,0.514772208,6.761397767,13.1347374,12.38089302,13.1347374,12.38089302,7.380893018
104,0,N/A,N/A,SM-102,DSPC,7,20,1,1,13.08238249,9.561552228,12.49468988,12.26005244,0.509697806,6.568161387,12.88638347,12.39601584,12.88638347,12.39601584,7.396015838
105,0,N/A,N/A,SM-102,DSPC,4,20,1,1,12.63182385,9.014434585,12.63169624,12.59116187,0.498053627,6.193707663,12.43582483,12.5330222,12.43582483,12.5330222,7.533022198
106,0,N/A,N/A,SM-102,DSPC,10,20,1,0.2,11.67956465,9.244445742,12.72425041,13.21106501,0.476315815,5.469803926,11.48356563,12.62557637,11.48356563,12.62557637,7.625576368
107,0,N/A,N/A,SM-102,DSPC,7,20,1,0.2,11.97972756,9.258568984,12.78780472,13.11486003,0.481501913,5.673887838,11.78372854,12.68913068,11.78372854,12.68913068,7.689130678
108,0,N/A,N/A,SM-102,DSPC,4,20,1,0.2,12.4705263,9.446387814,11.88244746,12.6218154,0.510199263,6.262454768,12.27452728,11.78377342,12.27452728,11.78377342,6.783773418
109,0,quad,N/A,SM-102,DSPC,4.919292154,80.44226923,65.43243245,5.633056837,12.91016992,9.082676133,11.37147292,12.24430045,0.530044896,6.739081391,12.7141709,11.27279888,12.7141709,11.27279888,6.272798878
110,0,quad,N/A,SM-102,DSPC,12.56072079,22.03585478,6.915956019,1.029633898,8.850214429,7.166738156,12.17497462,9.847750583,0.417462615,3.612811392,8.654215408,12.07630058,8.654215408,12.07630058,7.076300578
111,0,quad,N/A,SM-102,DSPC,4.74625234,25.33078247,2.074657614,7.251480448,6.643056324,5.063714109,7.593838831,6.916343498,0.462412466,2.981199667,6.447057303,7.495164789,6.447057303,7.495164789,2.495164789
112,0,quad,N/A,SM-102,DSPC,12.14331071,21.98258594,41.26171714,7.194415916,11.39836453,12.42178339,15.77638973,13.80644873,0.41675341,4.668624029,11.20236551,15.67771569,11.20236551,15.67771569,10.67771569
113,0,quad,N/A,SM-102,DSPC,4.348972324,25.23066662,40.21264949,1.084754183,9.226901294,7.075312602,10.27138576,11.2587653,0.470270975,4.246971216,9.030902273,10.17271172,9.030902273,10.17271172,5.172711718
114,0,quad,N/A,SM-102,DSPC,5.229549341,88.07168479,58.40941019,0.454162943,8.622662638,7.367725668,10.75036746,9.621188225,0.44168707,3.721948362,8.426663617,10.65169342,8.426663617,10.65169342,5.651693418
115,0,quad,N/A,SM-102,DSPC,5.212242624,20.47914538,52.01592416,6.70330653,13.51467687,9.600149697,16.33492057,14.98374976,0.450641581,6.001950043,13.31867785,16.23624653,13.31867785,16.23624653,11.23624653
116,0,quad,N/A,SM-102,DSPC,6.853624706,65.02867329,2.695930756,3.46746327,10.56188451,7.870804935,12.89873465,12.23347152,0.447462212,4.638342052,10.36588549,12.80006061,10.36588549,12.80006061,7.800060608
117,0,quad,N/A,SM-102,DSPC,11.78338396,41.42511975,1.321285004,5.800971406,12.56716317,8.136879616,10.72966526,14.00908373,0.537826302,6.65353746,12.37116415,10.63099122,12.37116415,10.63099122,5.630991218
118,0,quad,N/A,SM-102,DSPC,6.545190646,20.04508946,19.95337581,1.226563301,12.82002253,12.32200723,15.97193334,14.82347066,0.442990428,5.592321578,12.62402351,15.8732593,12.62402351,15.8732593,10.8732593
119,0,quad,N/A,SM-102,DSPC,5.301862661,74.54774528,2.394676902,10.45777841,8.869689906,7.541203384,9.813395464,9.360014056,0.4716933,4.091321877,8.673690885,9.714721422,8.673690885,9.714721422,4.714721422
120,0,quad,N/A,SM-102,DSPC,5.892291867,25.1984844,65.85889519,10.52827278,6.765214365,6.608521529,9.636561574,8.644650069,0.407845867,2.67922733,6.569215344,9.537887532,6.569215344,9.537887532,4.537887532
121,0,quad,N/A,SM-102,DSPC,5.196926894,48.899178,89.19245318,4.884674398,6.454268011,6.443549829,9.374149547,8.139513739,0.402882189,2.521345112,6.25826899,9.275475505,6.25826899,9.275475505,4.275475505
122,0,quad,N/A,SM-102,DSPC,4.758993473,48.59253163,1.941069572,7.78349513,9.047928724,7.491713902,12.07992043,10.97563003,0.424895833,3.761148042,8.851929703,11.98124639,8.851929703,11.98124639,6.981246388
123,0,quad,N/A,SM-102,DSPC,4.520969927,64.39482187,2.077902657,1.082141882,12.214922,11.62779565,13.21850381,13.43046716,0.478103393,5.746287854,12.01892298,13.11982977,12.01892298,13.11982977,8.119829768
124,0,quad,N/A,SM-102,DSPC,4.955190306,20.00345473,53.81494513,4.304594135,10.05461718,9.201820781,13.09818455,11.52705366,0.431295943,4.251982015,9.858618159,12.99951051,9.858618159,12.99951051,7.999510508
125,0,quad,N/A,SM-102,DSPC,6.591477057,20.16197575,17.89671518,10.32352945,8.923562895,7.753000084,11.90372054,10.64696597,0.425058661,3.709726615,8.727563874,11.8050465,8.727563874,11.8050465,6.805046498
126,0,quad,N/A,SM-102,DSPC,8.972250855,25.29621263,88.02500789,8.332641456,8.168205484,6.926719823,10.13796986,9.573241401,0.44261752,3.52863825,7.972206463,10.03929582,7.972206463,10.03929582,5.039295818
127,0,quad,N/A,SM-102,DSPC,14.24928317,20.0022155,15.13896604,1.009185936,13.00954789,11.54467305,14.99152528,14.90091495,0.462476136,5.925960571,12.81354887,14.89285124,12.81354887,14.89285124,9.892851238
128,0,quad,N/A,SM-102,DSPC,12.98987669,49.88239419,1.080227665,15.6128387,8.983890737,7.318863076,10.58979179,10.51269375,0.455826931,4.00575771,8.787891716,10.49111775,8.787891716,10.49111775,5.491117748
129,0,quad,N/A,SM-102,DSPC,4.436141849,20.31056541,1.633899679,7.92277606,8.561221163,6.8409814,11.07597308,10.31993018,0.432478376,3.617777684,8.365222142,10.97729904,8.365222142,10.97729904,5.977299038
130,0,quad,N/A,SM-102,DSPC,5.201588542,64.67257311,1.002371882,15.32644506,7.416334992,5.920176479,9.322552206,8.758493048,0.439080634,3.170309697,7.220335971,9.223878164,7.220335971,9.223878164,4.223878164
131,0,quad,N/A,SM-102,DSPC,4.38924108,49.39497635,1.061217752,0.566464535,12.25460718,10.73046002,14.63873142,15.19456088,0.453353878,5.466816767,12.05860816,14.54005738,12.05860816,14.54005738,9.540057378
132,0,quad,N/A,SM-102,DSPC,5.720516438,20.00052066,47.47537039,15.55448956,8.146286262,6.338729007,9.394390573,9.924857572,0.460993013,3.665026869,7.950287241,9.295716531,7.950287241,9.295716531,4.295716531
133,0,quad,N/A,SM-102,DSPC,10.87369505,20.00074286,1.790774984,9.780442384,8.197607231,6.467293818,9.739119727,9.616766628,0.453553099,3.629154197,8.00160821,9.640445685,8.00160821,9.640445685,4.640445685
134,0,quad,N/A,SM-102,DSPC,4.394550223,22.00542571,1.003305021,14.04182105,8.190067423,6.74191989,9.881529831,9.554465344,0.449687939,3.594836144,7.994068402,9.782855789,7.994068402,9.782855789,4.782855789
135,0,quad,N/A,SM-102,DSPC,9.232962676,43.2248516,1.010982512,5.441540843,9.464445859,7.880467022,11.75240911,11.74488282,0.442996188,4.105886622,9.268446838,11.65373507,9.268446838,11.65373507,6.653735068
136,0,MO,N/A,SM-102,DSPC,9.002044382,20.00000308,16.65435838,0.477590223,15.78374341,,16.61121554,,0.476226329,7.17835602,15.07341275,16.57837092,15.07341275,16.57837092,11.57837092
137,0,MO,N/A,SM-102,DSPC,11.96920045,42.58505017,1.443055259,5.685163661,10.56567442,,11.58765896,,0.460311583,4.536528887,9.855343763,11.55481433,9.855343763,11.55481433,6.554814335
138,0,MO,N/A,SM-102,DSPC,4.937286054,20.00000054,16.29212021,0.481141499,14.39470701,,15.55270114,,0.4685751,6.412158022,13.68437635,15.51985651,13.68437635,15.51985651,10.51985651
139,0,MO,N/A,SM-102,DSPC,12.5571625,20.00000009,1.35729106,0.746351216,13.02448371,,14.48225106,,0.460108942,5.665851937,12.31415305,14.44940644,12.31415305,14.44940644,9.449406435
140,0,MO,N/A,SM-102,DSPC,11.98066785,20.00003991,1.329607624,5.798669171,9.567566442,,10.9441811,,0.448046306,3.968451777,8.857235782,10.91133647,8.857235782,10.91133647,5.911336473
141,0,SO,N/A,SM-102,DSPC,11.97831,21.80244,33.11976,6.251056,11.27743041,,12.29903049,,0.462793657,4.890386736,10.56709975,12.26618587,10.56709975,12.26618587,7.266185865
142,0,SO,N/A,SM-102,DSPC,12.32386,20.08868,27.90927,0.571112,14.73062985,,16.24774989,,0.463707769,6.501321654,14.0202992,16.21490527,14.0202992,16.21490527,11.21490527
143,0,SO,N/A,SM-102,DSPC,11.98652,21.06642,37.99319,7.092342,10.81674292,,12.23141245,,0.453101156,4.579227078,10.10641226,12.19856782,10.10641226,12.19856782,7.198567823
144,0,SO,N/A,SM-102,DSPC,12.05481,20.01895,18.85935,0.809778,14.7635372,,16.04119474,,0.467480999,6.569607037,14.05320654,16.00835012,14.05320654,16.00835012,11.00835012
145,0,SO,N/A,SM-102,DSPC,9.211139,20.0003,18.72326,0.803894,14.97320632,,16.10814325,,0.470129663,6.705400931,14.26287566,16.07529863,14.26287566,16.07529863,11.07529863
146,0,MO,N/A,SM-102,DSPC,6.279867148,20.0000008,15.64182211,0.517372067,14.45102863,,15.215,,0.491388289,7.188877746,14.6297295,15.14250933,14.6297295,15.14250933,10.14250933
147,0,MO,N/A,SM-102,DSPC,6.296342365,20.00000184,1.00002702,22.06260504,8.210849174,,10.418,,0.447799491,3.756836237,8.389550047,10.34550933,8.389550047,10.34550933,5.345509333
148,0,MO,N/A,SM-102,DSPC,4.603673162,74.748184,1.000001614,9.97956289,6.344875838,,10.042,,0.395534025,2.580296555,6.52357671,9.969509333,6.52357671,9.969509333,4.969509333
149,0,MO,N/A,SM-102,DSPC,4.525299513,25.16310809,1.000010095,11.29223043,7.024767647,,9.711,,0.427709179,3.080989607,7.20346852,9.638509333,7.20346852,9.638509333,4.638509333
150,0,MO,N/A,SM-102,DSPC,6.098981832,40.31687192,1.000206908,16.56618189,7.218665478,,9.468,,0.44050623,3.258585959,7.39736635,9.395509333,7.39736635,9.395509333,4.395509333
151,0,SO,N/A,SM-102,DSPC,28.43580087,20.00044501,24.79553656,0.928105477,13.21092355,,14.816,,0.475937894,6.372629648,13.38962443,14.74350933,13.38962443,14.74350933,9.743509333
152,0,SO,N/A,SM-102,DSPC,32.32215068,20.00183246,22.61372429,0.62241835,13.1784286,,14.782,,0.475907698,6.356760744,13.35712947,14.70950933,13.35712947,14.70950933,9.709509333
153,0,SO,N/A,SM-102,DSPC,20.47934214,20.01210597,16.37248117,0.971439065,12.76254063,,14.15,,0.478972606,6.198500167,12.9412415,14.07750933,12.9412415,14.07750933,9.077509333
154,0,SO,N/A,SM-102,DSPC,17.89712661,20.01502011,22.13928053,0.992833938,13.02345607,,14.838,,0.472050718,6.232087662,13.20215694,14.76550933,13.20215694,14.76550933,9.765509333
155,0,SO,N/A,SM-102,DSPC,10.82142219,20.12734312,23.96090789,0.486055845,14.17846243,,14.878,,0.492313015,7.068218356,14.3571633,14.80550933,14.3571633,14.80550933,9.805509333
156,0,MO,N/A,SM-102,DSPC,4.837891,42.3039,1.910757,10.59721,7.946,,10.384,,0.450305875,3.905786006,8.673628809,10.58800933,8.673628809,10.58800933,5.588009333
157,0,MO,N/A,SM-102,DSPC,40.77384,42.42788,2.016498,7.580691,8.734,,11.176,,0.453977214,4.295363882,9.461628809,11.38000933,9.461628809,11.38000933,6.380009333
158,0,MO,N/A,SM-102,DSPC,5.388958,20.00002,2.062696,29.51383,7.687,,9.591,,0.46209753,3.888379189,8.414628809,9.795009333,8.414628809,9.795009333,4.795009333
159,0,MO,N/A,SM-102,DSPC,19.52035,21.45652,2.03501,7.787085,7.885,,10.24,,0.451949013,3.892469094,8.612628809,10.44400933,8.612628809,10.44400933,5.444009333
160,0,MO,N/A,SM-102,DSPC,4.433352,20,16.23404,0.807818,12.452,,15.211,,0.460912593,6.074656888,13.17962881,15.41500933,13.17962881,15.41500933,10.41500933
161,0,SO,N/A,SM-102,DSPC,4.729987946,20.02489015,18.27411066,0.492107672,12.71,,15.522,,0.460766546,6.19160981,13.43762881,15.72600933,13.43762881,15.72600933,10.72600933
162,0,SO,N/A,SM-102,DSPC,4.930919945,20.08757696,23.64763395,0.788137695,12.831,,15.767,,0.459153233,6.225488246,13.55862881,15.97100933,13.55862881,15.97100933,10.97100933
163,0,SO,N/A,SM-102,DSPC,8.973242379,20.00001834,21.73144842,0.657253419,13.025,,15.897,,0.460668437,6.335402012,13.75262881,16.10100933,13.75262881,16.10100933,11.10100933
164,0,SO,N/A,SM-102,DSPC,8.991510748,20.00000148,16.26601278,0.826320152,12.714,,15.479,,0.461520886,6.203592441,13.44162881,15.68300933,13.44162881,15.68300933,10.68300933
