Formula_label,Helper_lipid,IL_NP_ratio,(IL+HL),HL_(IL+HL),PEG_(Chol+PEG),SORT_of_total,RLU_HEPG2
1,DSPC,0.1359372785355023,0.6508621399899904,0.2924319391707289,0.1908455499071198,0.0,7.83888579
2,DSPC,0.1359372785355023,0.6508621399899904,0.2924319391707289,0.1908455499071198,0.0,8.377698561
3,DSPC,0.13593728759798812,0.9165047419938586,0.8772956420530583,0.2580446871983592,0.0,5.039720267
4,DSPC,0.06796864379899407,0.9165047419938586,0.8772956420530583,0.2580446871983592,0.0,5.039720267
5,DSPC,0.0,0.9165047419938586,0.8772956420530583,0.2580446871983592,0.0,5.039720267
6,DSPC,0.13593728759798812,0.9165047419938586,0.8772956420530583,0.0430074478663932,0.0,5.039720267
7,DSPC,0.06796864379899407,0.9165047419938586,0.8772956420530583,0.0430074478663932,0.0,5.039720267
8,DSPC,0.0,0.9165047419938586,0.8772956420530583,0.0430074478663932,0.0,5.039720267
9,DSPC,0.13593728759798812,0.9165047419938586,0.8772956420530583,0.0,0.0,5.039720267
10,DSPC,0.06796864379899407,0.9165047419938586,0.8772956420530583,0.0,0.0,5.039720267
11,DSPC,0.0,0.9165047419938586,0.8772956420530583,0.0,0.0,5.039720267
12,DSPC,0.13593728759798812,0.5180408389880565,0.8772956420530583,0.2580446871983592,0.0,5.039720267
13,DSPC,0.06796864379899407,0.5180408389880565,0.8772956420530583,0.2580446871983592,0.0,5.039720267
14,DSPC,0.0,0.5180408389880565,0.8772956420530583,0.2580446871983592,0.0,5.039720267
15,DSPC,0.13593728759798812,0.5180408389880565,0.8772956420530583,0.0430074478663932,0.0,5.039720267
16,DSPC,0.06796864379899407,0.5180408389880565,0.8772956420530583,0.0430074478663932,0.0,5.039720267
17,DSPC,0.0,0.5180408389880565,0.8772956420530583,0.0430074478663932,0.0,5.039720267
18,DSPC,0.13593728759798812,0.5180408389880565,0.8772956420530583,0.0,0.0,5.039720267
19,DSPC,0.06796864379899407,0.5180408389880565,0.8772956420530583,0.0,0.0,5.039720267
20,DSPC,0.0,0.5180408389880565,0.8772956420530583,0.0,0.0,5.039720267
21,DSPC,0.13593728759798812,0.1195769359822545,0.8772956420530583,0.2580446871983592,0.0,5.039720267
22,DSPC,0.06796864379899407,0.1195769359822545,0.8772956420530583,0.2580446871983592,0.0,5.039720267
23,DSPC,0.0,0.1195769359822545,0.8772956420530583,0.2580446871983592,0.0,5.039720267
24,DSPC,0.13593728759798812,0.1195769359822545,0.8772956420530583,0.0430074478663932,0.0,5.039720267
25,DSPC,0.06796864379899407,0.1195769359822545,0.8772956420530583,0.0430074478663932,0.0,5.039720267
26,DSPC,0.0,0.1195769359822545,0.8772956420530583,0.0430074478663932,0.0,5.039720267
27,DSPC,0.13593728759798812,0.1195769359822545,0.8772956420530583,0.0,0.0,5.039720267
28,DSPC,0.06796864379899407,0.1195769359822545,0.8772956420530583,0.0,0.0,5.039720267
29,DSPC,0.0,0.1195769359822545,0.8772956420530583,0.0,0.0,5.039720267
30,DSPC,0.22656214599664692,0.9165047419938586,0.526377385231835,0.2580446871983592,0.0,5.039720267
31,DSPC,0.13140604467805522,0.9165047419938586,0.526377385231835,0.2580446871983592,0.0,5.039720267
32,DSPC,0.03624994335946351,0.9165047419938586,0.526377385231835,0.2580446871983592,0.0,5.039720267
33,DSPC,0.22656214599664692,0.9165047419938586,0.526377385231835,0.0430074478663932,0.0,5.039720267
34,DSPC,0.13140604467805522,0.9165047419938586,0.526377385231835,0.0430074478663932,0.0,5.039720267
35,DSPC,0.03624994335946351,0.9165047419938586,0.526377385231835,0.0430074478663932,0.0,5.039720267
36,DSPC,0.22656214599664692,0.9165047419938586,0.526377385231835,0.0,0.0,5.039720267
37,DSPC,0.13140604467805522,0.9165047419938586,0.526377385231835,0.0,0.0,5.039720267
38,DSPC,0.03624994335946351,0.9165047419938586,0.526377385231835,0.0,0.0,5.039720267
39,DSPC,0.22656214599664692,0.5180408389880565,0.526377385231835,0.2580446871983592,0.0,5.039720267
40,DSPC,0.13140604467805522,0.5180408389880565,0.526377385231835,0.2580446871983592,0.0,5.039720267
41,DSPC,0.03624994335946351,0.5180408389880565,0.526377385231835,0.2580446871983592,0.0,5.039720267
42,DSPC,0.22656214599664692,0.5180408389880565,0.526377385231835,0.0430074478663932,0.0,5.039720267
43,DSPC,0.13140604467805522,0.5180408389880565,0.526377385231835,0.0430074478663932,0.0,5.039720267
44,DSPC,0.03624994335946351,0.5180408389880565,0.526377385231835,0.0430074478663932,0.0,5.039720267
45,DSPC,0.22656214599664692,0.5180408389880565,0.526377385231835,0.0,0.0,5.039720267
46,DSPC,0.13140604467805522,0.5180408389880565,0.526377385231835,0.0,0.0,5.039720267
47,DSPC,0.03624994335946351,0.5180408389880565,0.526377385231835,0.0,0.0,5.039720267
48,DSPC,0.22656214599664692,0.1195769359822545,0.526377385231835,0.2580446871983592,0.0,5.039720267
49,DSPC,0.13140604467805522,0.1195769359822545,0.526377385231835,0.2580446871983592,0.0,5.039720267
50,DSPC,0.03624994335946351,0.1195769359822545,0.526377385231835,0.2580446871983592,0.0,5.039720267
51,DSPC,0.22656214599664692,0.1195769359822545,0.526377385231835,0.0430074478663932,0.0,5.039720267
52,DSPC,0.13140604467805522,0.1195769359822545,0.526377385231835,0.0430074478663932,0.0,5.039720267
53,DSPC,0.03624994335946351,0.1195769359822545,0.526377385231835,0.0430074478663932,0.0,5.039720267
54,DSPC,0.22656214599664692,0.1195769359822545,0.526377385231835,0.0,0.0,5.039720267
55,DSPC,0.13140604467805522,0.1195769359822545,0.526377385231835,0.0,0.0,5.039720267
56,DSPC,0.03624994335946351,0.1195769359822545,0.526377385231835,0.0,0.0,5.039720267
57,DSPC,0.31718700439530567,0.9165047419938586,0.17545912841061165,0.2580446871983592,0.0,5.039720267
58,DSPC,0.19484344555711636,0.9165047419938586,0.17545912841061165,0.2580446871983592,0.0,5.039720267
59,DSPC,0.072499886718927,0.9165047419938586,0.17545912841061165,0.2580446871983592,0.0,5.039720267
60,DSPC,0.31718700439530567,0.9165047419938586,0.17545912841061165,0.0430074478663932,0.0,5.039720267
61,DSPC,0.19484344555711636,0.9165047419938586,0.17545912841061165,0.0430074478663932,0.0,5.039720267
62,DSPC,0.072499886718927,0.9165047419938586,0.17545912841061165,0.0430074478663932,0.0,5.039720267
63,DSPC,0.31718700439530567,0.9165047419938586,0.17545912841061165,0.0,0.0,5.039720267
64,DSPC,0.19484344555711636,0.9165047419938586,0.17545912841061165,0.0,0.0,5.039720267
65,DSPC,0.072499886718927,0.9165047419938586,0.17545912841061165,0.0,0.0,5.039720267
66,DSPC,0.31718700439530567,0.5180408389880565,0.17545912841061165,0.2580446871983592,0.0,5.039720267
67,DSPC,0.19484344555711636,0.5180408389880565,0.17545912841061165,0.2580446871983592,0.0,5.039720267
68,DSPC,0.072499886718927,0.5180408389880565,0.17545912841061165,0.2580446871983592,0.0,5.039720267
69,DSPC,0.31718700439530567,0.5180408389880565,0.17545912841061165,0.0430074478663932,0.0,5.039720267
70,DSPC,0.19484344555711636,0.5180408389880565,0.17545912841061165,0.0430074478663932,0.0,5.039720267
71,DSPC,0.072499886718927,0.5180408389880565,0.17545912841061165,0.0430074478663932,0.0,5.039720267
72,DSPC,0.31718700439530567,0.5180408389880565,0.17545912841061165,0.0,0.0,5.039720267
73,DSPC,0.19484344555711636,0.5180408389880565,0.17545912841061165,0.0,0.0,5.039720267
74,DSPC,0.072499886718927,0.5180408389880565,0.17545912841061165,0.0,0.0,5.039720267
75,DSPC,0.31718700439530567,0.1195769359822545,0.17545912841061165,0.2580446871983592,0.0,5.039720267
76,DSPC,0.19484344555711636,0.1195769359822545,0.17545912841061165,0.2580446871983592,0.0,5.039720267
77,DSPC,0.072499886718927,0.1195769359822545,0.17545912841061165,0.2580446871983592,0.0,5.039720267
78,DSPC,0.31718700439530567,0.1195769359822545,0.17545912841061165,0.0430074478663932,0.0,5.039720267
79,DSPC,0.19484344555711636,0.1195769359822545,0.17545912841061165,0.0430074478663932,0.0,5.039720267
80,DSPC,0.072499886718927,0.1195769359822545,0.17545912841061165,0.0430074478663932,0.0,5.039720267
81,DSPC,0.31718700439530567,0.1195769359822545,0.17545912841061165,0.0,0.0,5.039720267
82,DSPC,0.19484344555711636,0.1195769359822545,0.17545912841061165,0.0,0.0,5.039720267
83,DSPC,0.072499886718927,0.1195769359822545,0.17545912841061165,0.0,0.0,5.039720267
84,DSPC,0.35796819067470215,0.9165047419938586,0.017545912841061165,0.2580446871983592,0.0,5.039720267
85,DSPC,0.22339027595269384,0.9165047419938586,0.017545912841061165,0.2580446871983592,0.0,5.039720267
86,DSPC,0.08881236123068557,0.9165047419938586,0.017545912841061165,0.2580446871983592,0.0,5.039720267
87,DSPC,0.35796819067470215,0.9165047419938586,0.017545912841061165,0.0430074478663932,0.0,5.039720267
88,DSPC,0.22339027595269384,0.9165047419938586,0.017545912841061165,0.0430074478663932,0.0,5.039720267
89,DSPC,0.08881236123068557,0.9165047419938586,0.017545912841061165,0.0430074478663932,0.0,5.039720267
90,DSPC,0.35796819067470215,0.9165047419938586,0.017545912841061165,0.0,0.0,5.039720267
91,DSPC,0.22339027595269384,0.9165047419938586,0.017545912841061165,0.0,0.0,5.039720267
92,DSPC,0.08881236123068557,0.9165047419938586,0.017545912841061165,0.0,0.0,5.039720267
93,DSPC,0.35796819067470215,0.5180408389880565,0.017545912841061165,0.2580446871983592,0.0,5.039720267
94,DSPC,0.22339027595269384,0.5180408389880565,0.017545912841061165,0.2580446871983592,0.0,5.039720267
95,DSPC,0.08881236123068557,0.5180408389880565,0.017545912841061165,0.2580446871983592,0.0,5.039720267
96,DSPC,0.35796819067470215,0.5180408389880565,0.017545912841061165,0.0430074478663932,0.0,5.039720267
97,DSPC,0.22339027595269384,0.5180408389880565,0.017545912841061165,0.0430074478663932,0.0,5.039720267
98,DSPC,0.08881236123068557,0.5180408389880565,0.017545912841061165,0.0430074478663932,0.0,5.039720267
99,DSPC,0.35796819067470215,0.5180408389880565,0.017545912841061165,0.0,0.0,5.039720267
100,DSPC,0.22339027595269384,0.5180408389880565,0.017545912841061165,0.0,0.0,5.039720267
101,DSPC,0.08881236123068557,0.5180408389880565,0.017545912841061165,0.0,0.0,5.039720267
102,DSPC,0.35796819067470215,0.1195769359822545,0.017545912841061165,0.2580446871983592,0.0,5.039720267
103,DSPC,0.22339027595269384,0.1195769359822545,0.017545912841061165,0.2580446871983592,0.0,5.039720267
104,DSPC,0.08881236123068557,0.1195769359822545,0.017545912841061165,0.2580446871983592,0.0,5.039720267
105,DSPC,0.35796819067470215,0.1195769359822545,0.017545912841061165,0.0430074478663932,0.0,5.039720267
106,DSPC,0.22339027595269384,0.1195769359822545,0.017545912841061165,0.0430074478663932,0.0,5.039720267
107,DSPC,0.08881236123068557,0.1195769359822545,0.017545912841061165,0.0430074478663932,0.0,5.039720267
108,DSPC,0.35796819067470215,0.1195769359822545,0.017545912841061165,0.0,0.0,5.039720267
109,DSPC,0.22339027595269384,0.1195769359822545,0.017545912841061165,0.0,0.0,5.039720267
110,DSPC,0.08881236123068557,0.1195769359822545,0.017545912841061165,0.0,0.0,5.039720267
111,DSPC,0.13216972391136889,0.831012701145689,0.4455608117269588,0.20214912775777838,0.0,5.039720267
112,DSPC,0.13048177339254158,0.6669049783639208,0.5063040743583883,0.25286644129316066,0.0,5.039720267
113,DSPC,0.13856342126965432,0.7179516319254577,0.40834342591201,0.1917007249455833,0.0,5.039720267
114,DSPC,0.14146629194798138,0.678254254905042,0.4410744855168663,0.2325225628038406,0.0,5.039720267
115,DSPC,0.13564714703883274,0.7552138596271287,0.3869657652128527,0.1940787752197932,0.0,5.039720267
116,DSPC,0.16344803702025468,0.7971738861611111,0.3343361581675163,0.22814091219123778,0.0,5.039720267
117,DSPC,0.13742281322216687,0.8206534974275,0.42298472254418873,0.23991430517644605,0.0,5.039720267
118,DSPC,0.11093889528297614,0.6953552214785758,0.5073194001875795,0.219065416085059,0.0,5.039720267
119,DSPC,0.10303476224568399,0.6677318509978859,0.5225159796927226,0.2194348768881269,0.0,5.039720267
120,DSPC,0.13153407050613986,0.7334155098191348,0.4407065121063862,0.25132708313046365,0.0,5.039720267
121,DSPC,0.1358836093162355,0.767023130468694,0.3481854547528179,0.21218676880081117,0.0,5.039720267
122,DSPC,0.1407869088313925,0.7515817011015633,0.30194379889853346,0.22646030568894002,0.0,5.039720267
123,DSPC,0.1419246937786035,0.6960390847536455,0.39602370620984856,0.24966904392628472,0.0,5.039720267
124,DSPC,0.12254950872264263,0.7208803288617055,0.5165748816688374,0.24027102115241325,0.0,5.039720267
125,DSPC,0.1340827326566677,0.786645641171601,0.3428844007485679,0.25050883573823957,0.0,5.039720267
126,DSPC,0.14120404327336988,0.7737045332150838,0.32708546005442074,0.21978946512437023,0.0,5.039720267
127,DSPC,0.11867171983325027,0.7982115693106726,0.4177016688919224,0.19294193091166592,0.0,5.039720267
128,DSPC,0.11288515415288415,0.8111615448157085,0.5096375537345423,0.20815119267007204,0.0,5.039720267
129,DSPC,0.13500420861842405,0.6789281235100326,0.29914880271017597,0.25403847848835837,0.0,5.039720267
130,DSPC,0.13775761180841906,0.7061279466522012,0.29523261830479647,0.25769475032512124,0.0,5.039720267
131,DSPC,0.1353200907607957,0.699091790828859,0.301930614022329,0.2541983934043159,0.0,5.039720267
132,DSPC,0.1353247876659568,0.6626538348544367,0.2975058229077022,0.2539945760555019,0.0,5.039720267
133,DSPC,0.13587219194345013,0.6930578224593132,0.2946637585799347,0.2546410508945579,0.0,5.039720267
134,DSPC,0.1361187582581902,0.713726051469207,0.3010936432744629,0.2557108909428921,0.0,5.039720267
135,DSPC,0.1362937242285559,0.6715736688768321,0.2925623847861232,0.2569986912855118,0.0,5.039720267
136,DSPC,0.13534397689066113,0.6708998273673868,0.3015209580149263,0.25519616667864997,0.0,5.039720267
137,DSPC,0.13571097584847525,0.6535737393143588,0.29979260243245487,0.253081961129817,0.0,5.039720267
138,DSPC,0.36249943359463505,0.7394096740355536,0.0,0.2580446871983592,0.7939869551246259,1.611867
139,DSPC,0.22656214599664692,0.7394096740355536,0.0,0.2580446871983592,0.7939869551246259,1.984458
140,DSPC,0.09062485839865876,0.7394096740355536,0.0,0.2580446871983592,0.7939869551246259,0.356905
141,DSPC,0.36249943359463505,0.7394096740355536,0.0,0.0430074478663932,0.7939869551246259,0.246974
142,DSPC,0.22656214599664692,0.7394096740355536,0.0,0.0430074478663932,0.7939869551246259,1.821747
143,DSPC,0.09062485839865876,0.7394096740355536,0.0,0.0430074478663932,0.7939869551246259,1.91055
144,DSPC,0.36249943359463505,0.7394096740355536,0.0,0.0,0.7939869551246259,1.365596
145,DSPC,0.22656214599664692,0.7394096740355536,0.0,0.0,0.7939869551246259,1.632305
146,DSPC,0.09062485839865876,0.7394096740355536,0.0,0.0,0.7939869551246259,2.100018
147,DSPC,0.36249943359463505,0.2966720039405594,0.0,0.2580446871983592,0.4962418469528912,2.647985
148,DSPC,0.22656214599664692,0.2966720039405594,0.0,0.2580446871983592,0.4962418469528912,0.786826
149,DSPC,0.09062485839865876,0.2966720039405594,0.0,0.2580446871983592,0.4962418469528912,1.221043
150,DSPC,0.36249943359463505,0.2966720039405594,0.0,0.0430074478663932,0.4962418469528912,2.306324
151,DSPC,0.22656214599664692,0.2966720039405594,0.0,0.0430074478663932,0.4962418469528912,2.498215
152,DSPC,0.09062485839865876,0.2966720039405594,0.0,0.0430074478663932,0.4962418469528912,1.770502
153,DSPC,0.36249943359463505,0.2966720039405594,0.0,0.0,0.4962418469528912,1.922273
154,DSPC,0.22656214599664692,0.2966720039405594,0.0,0.0,0.4962418469528912,1.974929
155,DSPC,0.09062485839865876,0.2966720039405594,0.0,0.0,0.4962418469528912,2.736096
156,DSPC,0.36249943359463505,0.0015135572991107626,0.0,0.2580446871983592,0.19849673878115648,0.452341
157,DSPC,0.22656214599664692,0.0015135572991107626,0.0,0.2580446871983592,0.19849673878115648,2.045767
158,DSPC,0.09062485839865876,0.0015135572991107626,0.0,0.2580446871983592,0.19849673878115648,2.019623
159,DSPC,0.36249943359463505,0.0015135572991107626,0.0,0.0430074478663932,0.19849673878115648,2.353164
160,DSPC,0.22656214599664692,0.0015135572991107626,0.0,0.0430074478663932,0.19849673878115648,2.530907
161,DSPC,0.09062485839865876,0.0015135572991107626,0.0,0.0430074478663932,0.19849673878115648,1.29458
162,DSPC,0.36249943359463505,0.0015135572991107626,0.0,0.0,0.19849673878115648,1.788518
163,DSPC,0.22656214599664692,0.0015135572991107626,0.0,0.0,0.19849673878115648,3.221796
164,DSPC,0.09062485839865876,0.0015135572991107626,0.0,0.0,0.19849673878115648,2.09356
165,DSPC,0.36249943359463505,0.832617604567887,0.0,0.2580446871983592,0.47639217307477555,3.55447
166,DSPC,0.22656214599664692,0.832617604567887,0.0,0.2580446871983592,0.47639217307477555,3.285812
167,DSPC,0.09062485839865876,0.832617604567887,0.0,0.2580446871983592,0.47639217307477555,2.352226
168,DSPC,0.36249943359463505,0.832617604567887,0.0,0.0430074478663932,0.47639217307477555,3.237528
169,DSPC,0.22656214599664692,0.832617604567887,0.0,0.0430074478663932,0.47639217307477555,3.612354
170,DSPC,0.09062485839865876,0.832617604567887,0.0,0.0430074478663932,0.47639217307477555,2.008851
171,DSPC,0.36249943359463505,0.832617604567887,0.0,0.0,0.47639217307477555,4.06804
172,DSPC,0.22656214599664692,0.832617604567887,0.0,0.0,0.47639217307477555,3.43291
173,DSPC,0.09062485839865876,0.832617604567887,0.0,0.0,0.47639217307477555,2.724205
174,DSPC,0.36249943359463505,0.4008455734215538,0.0,0.2580446871983592,0.2977451081717347,4.561999
175,DSPC,0.22656214599664692,0.4008455734215538,0.0,0.2580446871983592,0.2977451081717347,3.694948
176,DSPC,0.09062485839865876,0.4008455734215538,0.0,0.2580446871983592,0.2977451081717347,3.631239
177,DSPC,0.36249943359463505,0.4008455734215538,0.0,0.0430074478663932,0.2977451081717347,4.925188
178,DSPC,0.22656214599664692,0.4008455734215538,0.0,0.0430074478663932,0.2977451081717347,5.657777
179,DSPC,0.09062485839865876,0.4008455734215538,0.0,0.0430074478663932,0.2977451081717347,4.620139
180,DSPC,0.36249943359463505,0.4008455734215538,0.0,0.0,0.2977451081717347,6.300387
181,DSPC,0.22656214599664692,0.4008455734215538,0.0,0.0,0.2977451081717347,6.858131
182,DSPC,0.09062485839865876,0.4008455734215538,0.0,0.0,0.2977451081717347,6.289106
183,DSPC,0.36249943359463505,0.051753292900481224,0.0,0.2580446871983592,0.11909804326869389,4.574358
184,DSPC,0.22656214599664692,0.051753292900481224,0.0,0.2580446871983592,0.11909804326869389,3.596039
185,DSPC,0.09062485839865876,0.051753292900481224,0.0,0.2580446871983592,0.11909804326869389,3.99845
186,DSPC,0.36249943359463505,0.051753292900481224,0.0,0.0430074478663932,0.11909804326869389,6.509379
187,DSPC,0.22656214599664692,0.051753292900481224,0.0,0.0430074478663932,0.11909804326869389,6.783512
188,DSPC,0.09062485839865876,0.051753292900481224,0.0,0.0430074478663932,0.11909804326869389,5.91649
189,DSPC,0.36249943359463505,0.051753292900481224,0.0,0.0,0.11909804326869389,6.063634
190,DSPC,0.22656214599664692,0.051753292900481224,0.0,0.0,0.11909804326869389,5.613732
191,DSPC,0.09062485839865876,0.051753292900481224,0.0,0.0,0.11909804326869389,5.175143
192,DSPC,0.36249943359463505,0.8934053853613932,0.0,0.2580446871983592,0.15879739102492518,5.111023
193,DSPC,0.22656214599664692,0.8934053853613932,0.0,0.2580446871983592,0.15879739102492518,4.683625
194,DSPC,0.09062485839865876,0.8934053853613932,0.0,0.2580446871983592,0.15879739102492518,3.029777
195,DSPC,0.36249943359463505,0.8934053853613932,0.0,0.0430074478663932,0.15879739102492518,4.511067
196,DSPC,0.22656214599664692,0.8934053853613932,0.0,0.0430074478663932,0.15879739102492518,3.685618
197,DSPC,0.09062485839865876,0.8934053853613932,0.0,0.0430074478663932,0.15879739102492518,3.495125
198,DSPC,0.36249943359463505,0.8934053853613932,0.0,0.0,0.15879739102492518,2.298025
199,DSPC,0.22656214599664692,0.8934053853613932,0.0,0.0,0.15879739102492518,3.222124
200,DSPC,0.09062485839865876,0.8934053853613932,0.0,0.0,0.15879739102492518,3.389044
201,DSPC,0.36249943359463505,0.48308786500522616,0.0,0.2580446871983592,0.09924836939057824,5.522381
202,DSPC,0.22656214599664692,0.48308786500522616,0.0,0.2580446871983592,0.09924836939057824,6.401623
203,DSPC,0.09062485839865876,0.48308786500522616,0.0,0.2580446871983592,0.09924836939057824,5.934259
204,DSPC,0.36249943359463505,0.48308786500522616,0.0,0.0430074478663932,0.09924836939057824,6.417158
205,DSPC,0.22656214599664692,0.48308786500522616,0.0,0.0430074478663932,0.09924836939057824,7.320717
206,DSPC,0.09062485839865876,0.48308786500522616,0.0,0.0430074478663932,0.09924836939057824,6.751475
207,DSPC,0.36249943359463505,0.48308786500522616,0.0,0.0,0.09924836939057824,8.890518
208,DSPC,0.22656214599664692,0.48308786500522616,0.0,0.0,0.09924836939057824,8.48247412
209,DSPC,0.09062485839865876,0.48308786500522616,0.0,0.0,0.09924836939057824,7.57516
210,DSPC,0.36249943359463505,0.09789182563085563,0.0,0.2580446871983592,0.039699347756231296,5.827666
211,DSPC,0.22656214599664692,0.09789182563085563,0.0,0.2580446871983592,0.039699347756231296,5.854633
212,DSPC,0.09062485839865876,0.09789182563085563,0.0,0.2580446871983592,0.039699347756231296,6.302315
213,DSPC,0.36249943359463505,0.09789182563085563,0.0,0.0430074478663932,0.039699347756231296,8.508581
214,DSPC,0.22656214599664692,0.09789182563085563,0.0,0.0430074478663932,0.039699347756231296,8.660481
215,DSPC,0.09062485839865876,0.09789182563085563,0.0,0.0430074478663932,0.039699347756231296,7.1494548
216,DSPC,0.36249943359463505,0.09789182563085563,0.0,0.0,0.039699347756231296,7.636335
217,DSPC,0.22656214599664692,0.09789182563085563,0.0,0.0,0.039699347756231296,8.021228
218,DSPC,0.09062485839865876,0.09789182563085563,0.0,0.0,0.039699347756231296,5.845434434
219,DSPC,0.36249943359463505,0.9143624629797165,0.0,0.2580446871983592,0.01587973910249252,2.247769
220,DSPC,0.22656214599664692,0.9143624629797165,0.0,0.2580446871983592,0.01587973910249252,5.066832571
221,DSPC,0.09062485839865876,0.9143624629797165,0.0,0.2580446871983592,0.01587973910249252,2.269399
222,DSPC,0.36249943359463505,0.9143624629797165,0.0,0.0430074478663932,0.01587973910249252,3.820894
223,DSPC,0.22656214599664692,0.9143624629797165,0.0,0.0430074478663932,0.01587973910249252,3.441099
224,DSPC,0.09062485839865876,0.9143624629797165,0.0,0.0430074478663932,0.01587973910249252,2.892063
225,DSPC,0.36249943359463505,0.9143624629797165,0.0,0.0,0.01587973910249252,3.651694
226,DSPC,0.22656214599664692,0.9143624629797165,0.0,0.0,0.01587973910249252,4.19545
227,DSPC,0.09062485839865876,0.9143624629797165,0.0,0.0,0.01587973910249252,3.119579
228,DSPC,0.36249943359463505,0.5147036203886058,0.0,0.2580446871983592,0.009924836939057824,8.415572
229,DSPC,0.22656214599664692,0.5147036203886058,0.0,0.2580446871983592,0.009924836939057824,7.494953
230,DSPC,0.09062485839865876,0.5147036203886058,0.0,0.2580446871983592,0.009924836939057824,7.227654
231,DSPC,0.36249943359463505,0.5147036203886058,0.0,0.0430074478663932,0.009924836939057824,9.800319
232,DSPC,0.22656214599664692,0.5147036203886058,0.0,0.0430074478663932,0.009924836939057824,9.061809
233,DSPC,0.09062485839865876,0.5147036203886058,0.0,0.0430074478663932,0.009924836939057824,7.578988
234,DSPC,0.36249943359463505,0.5147036203886058,0.0,0.0,0.009924836939057824,8.885075
235,DSPC,0.22656214599664692,0.5147036203886058,0.0,0.0,0.009924836939057824,8.675597
236,DSPC,0.09062485839865876,0.5147036203886058,0.0,0.0,0.009924836939057824,7.833985
237,DSPC,0.36249943359463505,0.11744753638402822,0.0,0.2580446871983592,0.00396993477562313,5.941625
238,DSPC,0.22656214599664692,0.11744753638402822,0.0,0.2580446871983592,0.00396993477562313,6.723823
239,DSPC,0.09062485839865876,0.11744753638402822,0.0,0.2580446871983592,0.00396993477562313,7.111846
240,DSPC,0.36249943359463505,0.11744753638402822,0.0,0.0430074478663932,0.00396993477562313,2.768523
241,DSPC,0.22656214599664692,0.11744753638402822,0.0,0.0430074478663932,0.00396993477562313,8.602158
242,DSPC,0.09062485839865876,0.11744753638402822,0.0,0.0430074478663932,0.00396993477562313,8.707065
243,DSPC,0.36249943359463505,0.11744753638402822,0.0,0.0,0.00396993477562313,8.032228
244,DSPC,0.22656214599664692,0.11744753638402822,0.0,0.0,0.00396993477562313,8.148468
245,DSPC,0.09062485839865876,0.11744753638402822,0.0,0.0,0.00396993477562313,8.306547
246,DSPC,0.2576316552630387,0.5391801212655583,0.0,0.2345776195107519,0.2796832336798189,4.643097
247,DSPC,0.2682731886356428,0.5736649887541646,0.0,0.23965717541894174,0.3379504530956431,3.589937
248,DSPC,0.851162263808963,0.6248911163017525,0.0,0.23430371582715281,0.6925598102989217,1.762217
249,DSPC,0.3690185327835426,0.6944047016436903,0.0,0.13269652362971537,0.2490497750708003,3.280853
250,DSPC,0.6726462458652409,0.5101984796503258,0.0,0.08348509013066548,0.14286673951375237,8.036833
251,DSPC,0.41302369840047126,0.4539817755422708,0.0,0.10587998214296358,0.21230697807916987,7.955275
252,DSPC,0.36317051067107714,0.5203775879115964,0.0,0.13437413665236372,0.2847613253298856,5.778941
253,DSPC,0.7636626036521819,0.44272745228512944,0.0,0.1926697645676827,0.21762183485278405,7.817123
254,DSPC,0.3138530517921066,0.6340753181073049,0.0,0.07187592845016046,0.6158342568698467,2.626175
255,DSPC,0.13761547872581448,0.23282258762859465,0.0,0.04608215783298131,0.06748620401614228,8.127295
256,DSPC,0.09372010512483576,0.26447708300083766,0.0,0.0593362468757562,0.09141011399210373,7.669673
257,DSPC,0.09372010512483576,0.26447708300083766,0.0,0.0593362468757562,0.09141011399210373,6.359072682
258,DSPC,0.18555693506728899,0.18616904721029293,0.0,0.05305737452450213,0.06027718312080664,7.827032
259,DSPC,0.14798386877520509,0.41633937263381393,0.0,0.05850125727543018,0.1226517487241916,8.460379
260,DSPC,0.1463262948026644,0.18311039910853655,0.0,0.0495754377859291,0.06970976400757663,8.026072
261,DSPC,0.1322634011509357,0.4523171502174691,0.0,0.049193854204734516,0.11231037985673008,6.828699
262,DSPC,0.11433535728850423,0.22116507229577442,0.0,0.04745570819921424,0.0766688269715171,7.850376
263,DSPC,0.14506126240427752,0.1260559056509658,0.0,0.05299248703753369,0.047514174187634,7.334374
264,DSPC,0.21577765190991893,0.33328095551892584,0.0,0.06269593494376899,0.10023323994056481,7.668054
265,DSPC,0.17829344329149494,0.22413636223400618,0.0,0.06487512232715914,0.060264753274873836,7.7029584
266,DSPC,0.11631188545017902,0.31182162437810373,0.0,0.06631823724031596,0.07537830759006367,7.939622
267,DSPC,0.19049816484661747,0.39566037580104807,0.0,0.06659509768595587,0.0874101681769495,8.139641
268,DSPC,0.21576985817209665,0.28644555338604494,0.0,0.0642271613657421,0.07169340063355205,7.752236
269,DSPC,0.1012116996692193,0.3807580517576641,0.0,0.06778704910357296,0.0877258391087574,8.135799
270,DSPC,0.10306973582853778,0.20042436336603042,0.0,0.06444902603742285,0.0580589645178155,7.565165
271,DSPC,0.10007912234355885,0.15170742451193236,0.0,0.06944616892363874,0.048657821425435635,7.234194
272,DSPC,0.07626110961076625,0.26114379644318186,0.0,0.06431898226693684,0.06999857328881028,7.991661
273,DSPC,0.18262756776473793,0.34518999813562856,0.0,0.06785430200017402,0.08308481143321145,8.43395
274,DSPC,0.19221447605238123,0.24994696860517557,0.0,0.04460969033665567,0.0869763699303242,8.811719
275,DSPC,0.3253029244641806,0.9885011391799414,0.0,0.014891328823738642,0.17283396086992184,5.543423
276,DSPC,0.019158448502424222,0.0,0.0,0.06477996834875474,0.2737348354605271,2.181462
277,DSPC,0.09499420725905118,0.761798806216518,0.0,0.048759694018523286,1.0,3.685088
278,DSPC,0.07113211699669218,0.20922722990355408,0.0,0.048759694018523286,0.06574909267775893,9.932238
279,DSPC,0.25998077846753365,0.5869953679186238,0.0,0.06434989387009081,0.34772327368926614,7.217488
280,DSPC,0.08330230096515474,0.15007044474554243,0.0,0.04827586023002636,0.20896396170703815,9.70897
281,DSPC,0.34264053740541034,0.6481950280978223,0.0,0.019245832920210957,0.12441864950034687,7.662922
282,DSPC,0.13579345144773214,0.4579032459569641,0.0,0.04784578575136243,0.6348561403937135,2.555503
283,DSPC,0.11524753273823012,0.9362016812379226,0.0,5.3759309832991306e-05,0.9871793060486682,1.27692
284,DSPC,0.010295032851511163,0.08466441153125256,0.0,0.046501803005537634,0.3042373497409065,0.476061
285,DSPC,0.27759913362635374,1.0,0.0,0.04085707547307353,0.34907939110182123,4.5515
286,DSPC,0.10472160677873942,0.4965582692995897,0.0,0.04870593470869029,0.8302673992205221,0.22068
287,DSPC,0.07074321219810593,0.023407973832050927,0.0,0.0644574124897568,0.21281804128061407,2.710565
288,DSPC,0.01688130409171236,0.059163645909493606,0.0,0.04795330437102842,0.19085764637576683,4.353935
289,DSPC,0.17689972359418193,0.1867687154611215,0.0,0.04720067403336653,0.15066308240523194,8.767714
290,DSPC,0.39498844533055427,0.836471716386454,0.0,0.0,0.6166880006726911,7.197466
291,DSPC,0.39498844533055427,0.2822525713945204,0.0,5.3759309832991306e-05,0.4963654786616737,1.2559
292,DSPC,0.09094204540305405,0.9134320492349128,0.0,0.0,0.3504947762661318,4.075879
293,DSPC,0.3683900493905479,0.5551598735061518,0.0,0.06370478215209492,0.6919410719460355,2.575819
294,DSPC,0.5683991118763878,0.557846717862082,0.0,0.0,0.694442234271479,2.67879
295,DSPC,0.0981014092165481,0.7974062250172804,0.0,5.3759309832991306e-05,0.6513232194364551,3.938151
296,DSPC,0.3683900493905479,0.49634585988117186,0.0,0.0005375930983299131,0.7892982977993153,2.087711
297,DSPC,0.39498844533055427,0.6253667836485362,0.0,0.0,0.5257251211714609,7.401801
298,DSPC,0.39498844533055427,0.35367792783606494,0.0,0.0,0.4208224864261102,8.144751
299,DSPC,0.4085368616611537,0.5589978221677785,0.0,0.0,0.6930314280299386,1.366678
300,DSPC,0.3661697403597807,0.5114202236367472,0.0,0.041072112712405504,0.768911776588878,0.0
301,DSPC,0.09914359508813268,0.8830985606530035,0.0,0.013816142627078812,0.5809070313401324,4.751317
302,DSPC,0.39498844533055427,0.7134548502957562,0.0,0.0,0.6377470655560158,6.859189
303,DSPC,0.39498844533055427,0.8240632707251934,0.0,0.0,0.7109287260967767,5.781355
304,DSPC,0.36571661606778744,0.5515148655822846,0.0,0.015321403302402573,0.693018257374327,3.074388
305,DSPC,0.09062485839865876,0.04784895364436992,0.0,0.04746947058253148,0.20605779715611275,9.922605
306,DSPC,1.0,0.34950251239134716,0.0,0.0,0.4198952746133146,10.28466
307,DSPC,0.3487697675472382,0.7469537531242703,0.0,0.0,0.8014510391088311,3.99343
308,DSPC,0.6012959354751009,0.3511522748797455,0.0,0.04096459409273952,0.42659165935949883,8.983383
309,DSPC,0.09814672164574746,0.8467276641611374,0.0,0.0,0.43973433804675544,3.654347
310,DSPC,0.0906701708278581,0.2990300251252038,0.0,0.04779202644152944,0.49958101764920576,2.93778
311,DSPC,0.09062485839865876,0.730309261086704,0.0,0.04306120717622618,0.7934674851893008,3.235901
312,DSPC,0.7836784630024017,0.35432888370406246,0.0,0.0018278165343217113,0.4235098581452108,9.555247
313,DSPC,0.4161040373374417,0.3517879612125159,0.0,0.0048920971948022245,0.4268274230669992,9.119769
314,DSPC,0.19004032806198745,0.8132940991854762,0.0,0.0,0.6587795227454936,4.68473
315,DSPC,0.15143413838415876,0.21340408938145644,0.0,0.04918976849718722,0.3114196876525825,10.94219
316,DSPC,0.8986360958811003,0.3535474651757262,0.0,0.04096459409273952,0.42189603479865706,9.567361
317,DSPC,0.1627622456839911,0.795972578989811,0.0,0.048544656779191314,0.650676043051294,2.485856
318,DSPC,0.1627622456839911,0.795972578989811,0.0,0.048544656779191314,0.650676043051294,4.723569306
319,DSPC,0.546558521002311,0.35441374788201807,0.0,5.3759309832991306e-05,0.42226681559088286,6.749769
320,DSPC,0.6655036476505507,0.3515535167402617,0.0,0.001559019985156753,0.42548968129154013,7.347407
321,DSPC,0.09062485839865876,0.5939630789332403,0.0,0.06601643247491355,0.6767428773510502,2.179489
322,DSPC,0.4438805564366306,0.35425178625168285,0.0,0.00043007447866393045,0.42120317895449033,8.472737
323,DSPC,0.18573564728805114,0.756332657940604,0.0,0.04725443334319952,0.7693773379858978,2.821364
324,DSPC,0.15102632652136483,0.6138980055249414,0.0,0.04757698920219747,0.5606048511955065,5.092654
325,DSPC,0.1873215823100277,0.5148668446182284,0.0,0.04746947058253148,0.6307445422670603,2.507529
326,DSPC,0.09062485839865876,0.7455160762359581,0.0,0.04746947058253148,0.7677904536242478,2.844188
327,DSPC,0.1785309710453578,0.5920327572138078,0.0,0.0644036531799238,0.6805307580637457,1.893883
328,DSPC,0.15691694231727765,0.6156719361394026,0.0,0.06617771040441253,0.5615432373822118,6.021843
329,DSPC,0.09062485839865876,0.6103513657207028,0.0,0.04757698920219747,0.5748343293021007,4.825062
330,DSPC,0.1873215823100277,0.577887516047169,0.0,0.04736195196286551,0.6658646335800701,4.954294
331,DSPC,0.1785309710453578,0.5344597088098237,0.0,0.0644036531799238,0.6375264622354365,3.478019
332,DSPC,0.4406633739634782,0.35448879045604986,0.0,0.003709392378476414,0.4219340012698837,8.626805
333,DSPC,0.1873215823100277,0.5253978348912091,0.0,0.04746947058253148,0.6375318405045738,1.247133
334,DSPC,0.1785309710453578,0.5440033881460052,0.0,0.0644036531799238,0.6435683734593485,1.919481
335,DSPC,0.18768408174362233,0.7471572681642666,0.0,0.04725443334319952,0.7636829939561014,3.062849
336,DSPC,0.1650698590783452,0.6027491146211437,0.8000708911376618,0.18172389508985085,0.0,4.66254804
337,DSPC,0.4479090307671395,0.1611311999499196,0.17077360661029886,0.010935237552885505,0.2936102063294519,7.2873919
338,DSPC,0.21946128995423447,0.5891591241371377,1.0,0.1733463435235553,0.0,5.595984931
339,DSPC,0.45312429199329385,0.1195769359822545,0.31696033207181284,0.13939990717745532,0.0,8.334384704
340,DSPC,0.4245651189451267,0.31942763312508954,0.9175101782384081,0.046619441331445896,0.12438133191495927,7.247772559
341,DSPC,0.25900954506321083,0.6025358856952986,0.19070920487762985,0.056544053210517586,0.0,4.327769858
342,DSPC,0.41602166659114603,0.7532297941590294,0.3162846089647926,0.024351097121715366,0.38751327589858253,5.706133963
343,DSPC,0.45312429199329385,0.35071309420845365,0.0,0.05648518225046843,0.13489618320037683,7.421489561
344,DSPC,0.09497463147401332,0.16123450238088038,0.3938678104219338,0.5248735092360601,0.2669702581522182,1.76728131
345,DSPC,0.30971996189224704,0.3462946102044076,0.02339094200910243,0.011713657252901157,0.25662605953509826,6.804834712
346,DSPC,0.27021527980425036,0.5808570486267673,0.907232959826866,0.5964942114383589,0.08320750824220391,5.384074349
347,DSPC,0.15904061008654674,0.6108660645991053,0.48210635629264437,0.5176922150468214,0.5296667719482783,3.050242526
348,DSPC,0.09475539666500522,0.6642682272960209,0.7970729011953315,0.7258903736240208,0.4086537435004942,0.902752311
349,DSPC,0.4046914667633333,0.22170439464952707,0.3275708393087899,0.543095480349024,0.0804949936954895,5.378565705
350,DSPC,0.3978801255154289,0.5431453513845435,0.5589624575780797,0.646195811572604,0.030216294508201208,4.520785303
351,DSPC,0.25992058149440395,0.6024768273679145,0.8534950613368232,0.43530971658754164,0.1726294898358459,5.528736569
352,DSPC,0.21547157179754411,0.18672482731863144,0.8860814004979751,0.2366552895337513,0.148169573677343,4.043557273
353,DSPC,0.34170524949023523,0.29025853297129633,0.6209857671913438,0.7987957675906073,0.36986294548916865,0.277948489
354,DSPC,0.4487096955004759,0.4532105389620481,0.5551634437258981,1.0,0.16502038867986246,5.133596675
355,DSPC,0.33901938035253076,0.1741937259674624,0.8975252052459649,0.723855878885453,0.25706301139866095,2.035974164
